Date,count
01-01-2010,190044
01-01-2011,210730
01-01-2012,217581
01-01-2013,212486
01-01-2014,378793
01-01-2015,471563
01-01-2016,518947
01-01-2017,492152
01-01-2018,613780
01-01-2019,551774
01-01-2020,710047
01-01-2021,396955
01-02-2010,183798
01-02-2011,170125
01-02-2012,131457
01-02-2013,244083
01-02-2014,449696
01-02-2015,389048
01-02-2016,509571
01-02-2017,355156
01-02-2018,651270
01-02-2019,614728
01-02-2020,761505
01-02-2021,349099
01-03-2010,168888
01-03-2011,150794
01-03-2012,222091
01-03-2013,226005
01-03-2014,463472
01-03-2015,291761
01-03-2016,451123
01-03-2017,529411
01-03-2018,689742
01-03-2019,608655
01-03-2020,706476
01-03-2021,299976
01-04-2010,250521
01-04-2011,234016
01-04-2012,258360
01-04-2013,192351
01-04-2014,398347
01-04-2015,382364
01-04-2016,547916
01-04-2017,539839
01-04-2018,682054
01-04-2019,474641
01-04-2020,638730
01-04-2021,267851
01-05-2010,246867
01-05-2011,239546
01-05-2012,268218
01-05-2013,195376
01-05-2014,333925
01-05-2015,487220
01-05-2016,592005
01-05-2017,530787
01-05-2018,701721
01-05-2019,545995
01-05-2020,509848
01-05-2021,308179
01-06-2010,261785
01-06-2011,244221
01-06-2012,289188
01-06-2013,171856
01-06-2014,441290
01-06-2015,485340
01-06-2016,621087
01-06-2017,483188
01-06-2018,457430
01-06-2019,486849
01-06-2020,674972
01-06-2021,341691
01-07-2010,259576
01-07-2011,241945
01-07-2012,199729
01-07-2013,243422
01-07-2014,459159
01-07-2015,427142
01-07-2016,631680
01-07-2017,347200
01-07-2018,532960
01-07-2019,626035
01-07-2020,757060
01-07-2021,366450
01-08-2010,253352
01-08-2011,152879
01-08-2012,166361
01-08-2013,248211
01-08-2014,505688
01-08-2015,474146
01-08-2016,655083
01-08-2017,326441
01-08-2018,657417
01-08-2019,635972
01-08-2020,848374
01-08-2021,396825
01-09-2010,159038
01-09-2011,154591
01-09-2012,274000
01-09-2013,262385
01-09-2014,495461
01-09-2015,493430
01-09-2016,559456
01-09-2017,497620
01-09-2018,717619
01-09-2019,723121
01-09-2020,795312
01-09-2021,415361
01-10-2010,150205
01-10-2011,231369
01-10-2012,266698
01-10-2013,266773
01-10-2014,501787
01-10-2015,425481
01-10-2016,443611
01-10-2017,503211
01-10-2018,753870
01-10-2019,704061
01-10-2020,765037
01-10-2021,320174
01-11-2010,195073
01-11-2011,238273
01-11-2012,247885
01-11-2013,268213
01-11-2014,413101
01-11-2015,388144
01-11-2016,545443
01-11-2017,527067
01-11-2018,678177
01-11-2019,754196
01-11-2020,678899
01-11-2021,270555
01-12-2010,215586
01-12-2011,245022
01-12-2012,282992
01-12-2013,204000
01-12-2014,426644
01-12-2015,484633
01-12-2016,634227
01-12-2017,564571
01-12-2018,674893
01-12-2019,586757
01-12-2020,594960
01-12-2021,367072
02-01-2010,259369
02-01-2011,222824
02-01-2012,290954
02-01-2013,306182
02-01-2014,461905
02-01-2015,359600
02-01-2016,625500
02-01-2017,528084
02-01-2018,737386
02-01-2019,708160
02-01-2020,486862
02-01-2021,373486
02-02-2010,250836
02-02-2011,266708
02-02-2012,301250
02-02-2013,245630
02-02-2014,384994
02-02-2015,497991
02-02-2016,605189
02-02-2017,554782
02-02-2018,807035
02-02-2019,502680
02-02-2020,569239
02-02-2021,396809
02-03-2010,255763
02-03-2011,260392
02-03-2012,345023
02-03-2013,200993
02-03-2014,408060
02-03-2015,519223
02-03-2016,601768
02-03-2017,616024
02-03-2018,678830
02-03-2019,373219
02-03-2020,722177
02-03-2021,443795
02-04-2010,246647
02-04-2011,266542
02-04-2012,263439
02-04-2013,275858
02-04-2014,479717
02-04-2015,531553
02-04-2016,662164
02-04-2017,446105
02-04-2018,566570
02-04-2019,607845
02-04-2020,749447
02-04-2021,408285
02-05-2010,316464
02-05-2011,168307
02-05-2012,192826
02-05-2013,275589
02-05-2014,497776
02-05-2015,553957
02-05-2016,735889
02-05-2017,327077
02-05-2018,706206
02-05-2019,660501
02-05-2020,780769
02-05-2021,386388
02-06-2010,227450
02-06-2011,191880
02-06-2012,289369
02-06-2013,269340
02-06-2014,484329
02-06-2015,598130
02-06-2016,648512
02-06-2017,467318
02-06-2018,730637
02-06-2019,608395
02-06-2020,779050
02-06-2021,485551
02-07-2010,191752
02-07-2011,250897
02-07-2012,289365
02-07-2013,285255
02-07-2014,511908
02-07-2015,456256
02-07-2016,543115
02-07-2017,535170
02-07-2018,709302
02-07-2019,670040
02-07-2020,820281
02-07-2021,361017
02-08-2010,255742
02-08-2011,249933
02-08-2012,298572
02-08-2013,318209
02-08-2014,381805
02-08-2015,393458
02-08-2016,665405
02-08-2017,523366
02-08-2018,740784
02-08-2019,741589
02-08-2020,650093
02-08-2021,343247
02-09-2010,252306
02-09-2011,265881
02-09-2012,307660
02-09-2013,245450
02-09-2014,328888
02-09-2015,516238
02-09-2016,664340
02-09-2017,493460
02-09-2018,852929
02-09-2019,567279
02-09-2020,525946
02-09-2021,379425
02-10-2010,261899
02-10-2011,261717
02-10-2012,335203
02-10-2013,266654
02-10-2014,471126
02-10-2015,533244
02-10-2016,686251
02-10-2017,603611
02-10-2018,711660
02-10-2019,561875
02-10-2020,728118
02-10-2021,390789
02-11-2010,276293
02-11-2011,266875
02-11-2012,228203
02-11-2013,279167
02-11-2014,488150
02-11-2015,518877
02-11-2016,698865
02-11-2017,475673
02-11-2018,604470
02-11-2019,626858
02-11-2020,775734
02-11-2021,372927
02-12-2010,318558
02-12-2011,210841
02-12-2012,170380
02-12-2013,292874
02-12-2014,497137
02-12-2015,566425
02-12-2016,790800
02-12-2017,370499
02-12-2018,742737
02-12-2019,593394
02-12-2020,809328
02-12-2021,429230
03-01-2010,280448
03-01-2011,268537
03-01-2012,315293
03-01-2013,345083
03-01-2014,462184
03-01-2015,477727
03-01-2016,679965
03-01-2017,589251
03-01-2018,817907
03-01-2019,784466
03-01-2020,604775
03-01-2021,349024
03-02-2010,292244
03-02-2011,278159
03-02-2012,366228
03-02-2013,268947
03-02-2014,385188
03-02-2015,572045
03-02-2016,693302
03-02-2017,607676
03-02-2018,912454
03-02-2019,550212
03-02-2020,836533
03-02-2021,393477
03-03-2010,312340
03-03-2011,285873
03-03-2012,215737
03-03-2013,215551
03-03-2014,489854
03-03-2015,601851
03-03-2016,708544
03-03-2017,656703
03-03-2018,702654
03-03-2019,457939
03-03-2020,870774
03-03-2021,429319
03-04-2010,301182
03-04-2011,308911
03-04-2012,221067
03-04-2013,299419
03-04-2014,502019
03-04-2015,636763
03-04-2016,764925
03-04-2017,500791
03-04-2018,582625
03-04-2019,779734
03-04-2020,859593
03-04-2021,449059
03-05-2010,339111
03-05-2011,240429
03-05-2012,309865
03-05-2013,305662
03-05-2014,494801
03-05-2015,613915
03-05-2016,610640
03-05-2017,389513
03-05-2018,741940
03-05-2019,812462
03-05-2020,760767
03-05-2021,511923
03-06-2010,230551
03-06-2011,210396
03-06-2012,317418
03-06-2013,309841
03-06-2014,525981
03-06-2015,653812
03-06-2016,518443
03-06-2017,577509
03-06-2018,800046
03-06-2019,805135
03-06-2020,957335
03-06-2021,624321
03-07-2010,213663
03-07-2011,276606
03-07-2012,320531
03-07-2013,311312
03-07-2014,592197
03-07-2015,656325
03-07-2016,672423
03-07-2017,602277
03-07-2018,819183
03-07-2019,857245
03-07-2020,804682
03-07-2021,579908
03-08-2010,226406
03-08-2011,279197
03-08-2012,330333
03-08-2013,365110
03-08-2014,548891
03-08-2015,749645
03-08-2016,651878
03-08-2017,610525
03-08-2018,852492
03-08-2019,908398
03-08-2020,815622
03-08-2021,360691
03-09-2010,286417
03-09-2011,269822
03-09-2012,381780
03-09-2013,312016
03-09-2014,529008
03-09-2015,625386
03-09-2016,659926
03-09-2017,609418
03-09-2018,959752
03-09-2019,760782
03-09-2020,696327
03-09-2021,390882
03-10-2010,287822
03-10-2011,280171
03-10-2012,315606
03-10-2013,304693
03-10-2014,450291
03-10-2015,573615
03-10-2016,669617
03-10-2017,724976
03-10-2018,839781
03-10-2019,706328
03-10-2020,830344
03-10-2021,451229
03-11-2010,301333
03-11-2011,349628
03-11-2012,338324
03-11-2013,258349
03-11-2014,454866
03-11-2015,620929
03-11-2016,827051
03-11-2017,620789
03-11-2018,887982
03-11-2019,659680
03-11-2020,859953
03-11-2021,452661
03-12-2010,345844
03-12-2011,291919
03-12-2012,316424
03-12-2013,264031
03-12-2014,530736
03-12-2015,617938
03-12-2016,730844
03-12-2017,629251
03-12-2018,743673
03-12-2019,772072
03-12-2020,868573
03-12-2021,528397
04-01-2010,313704
04-01-2011,331460
04-01-2012,276278
04-01-2013,202168
04-01-2014,477658
04-01-2015,621352
04-01-2016,826348
04-01-2017,542796
04-01-2018,650146
04-01-2019,733017
04-01-2020,140370
04-01-2021,606043
04-02-2010,161718
04-02-2011,214668
04-02-2012,320999
04-02-2013,274205
04-02-2014,472411
04-02-2015,671795
04-02-2016,643351
04-02-2017,486547
04-02-2018,583467
04-02-2019,820014
04-02-2020,109338
04-02-2021,499695
04-03-2010,237896
04-03-2011,177891
04-03-2012,334781
04-03-2013,294767
04-03-2014,503808
04-03-2015,476397
04-03-2016,555798
04-03-2017,601181
04-03-2018,764797
04-03-2019,799520
04-03-2020,144579
04-03-2021,645460
04-04-2010,206542
04-04-2011,259414
04-04-2012,345407
04-04-2013,321993
04-04-2014,598576
04-04-2015,575694
04-04-2016,682296
04-04-2017,662872
04-04-2018,819474
04-04-2019,828417
04-04-2020,88016
04-04-2021,564228
04-05-2010,192115
04-05-2011,284859
04-05-2012,361436
04-05-2013,362993
04-05-2014,540954
04-05-2015,465305
04-05-2016,710886
04-05-2017,670232
04-05-2018,824721
04-05-2019,914141
04-05-2020,78956
04-05-2021,477002
04-06-2010,295461
04-06-2011,291870
04-06-2012,181397
04-06-2013,265597
04-06-2014,462541
04-06-2015,422131
04-06-2016,645838
04-06-2017,695848
04-06-2018,943085
04-06-2019,766357
04-06-2020,131227
04-06-2021,532185
04-07-2010,305173
04-07-2011,296641
04-07-2012,267858
04-07-2013,224795
04-07-2014,527415
04-07-2015,512383
04-07-2016,750392
04-07-2017,760918
04-07-2018,774723
04-07-2019,711798
04-07-2020,131812
04-07-2021,561814
04-08-2010,322801
04-08-2011,349908
04-08-2012,222683
04-08-2013,295068
04-08-2014,485003
04-08-2015,621442
04-08-2016,808149
04-08-2017,505220
04-08-2018,636140
04-08-2019,800530
04-08-2020,134045
04-08-2021,584678
04-09-2010,357179
04-09-2011,202060
04-09-2012,172605
04-09-2013,308625
04-09-2014,491723
04-09-2015,660311
04-09-2016,649474
04-09-2017,424488
04-09-2018,783227
04-09-2019,821559
04-09-2020,160315
04-09-2021,625753
04-10-2010,242136
04-10-2011,181411
04-10-2012,296173
04-10-2013,318128
04-10-2014,514495
04-10-2015,769697
04-10-2016,514709
04-10-2017,511858
04-10-2018,823252
04-10-2019,857620
04-10-2020,95903
04-10-2021,596551
04-11-2010,166257
04-11-2011,279890
04-11-2012,327929
04-11-2013,304951
04-11-2014,609397
04-11-2015,583589
04-11-2016,634527
04-11-2017,623054
04-11-2018,843341
04-11-2019,875141
04-11-2020,104551
04-11-2021,414006
04-12-2010,269797
04-12-2011,271084
04-12-2012,354620
04-12-2013,361504
04-12-2014,528770
04-12-2015,458808
04-12-2016,718101
04-12-2017,656443
04-12-2018,838379
04-12-2019,980703
04-12-2020,92175
04-12-2021,502228
05-01-2009,298471
05-01-2010,241259
05-01-2011,157690
05-01-2012,296836
05-01-2013,277689
05-01-2014,460179
05-01-2015,746219
05-01-2016,426266
05-01-2017,500172
05-01-2018,725455
05-01-2019,784033
05-01-2020,141674
05-01-2021,399952
05-02-2009,204887
05-02-2010,182281
05-02-2011,257627
05-02-2012,276317
05-02-2013,300103
05-02-2014,494263
05-02-2015,557177
05-02-2016,639079
05-02-2017,521670
05-02-2018,736988
05-02-2019,765930
05-02-2020,145380
05-02-2021,299723
05-03-2009,171052
05-03-2010,276131
05-03-2011,266472
05-03-2012,287053
05-03-2013,331354
05-03-2014,384122
05-03-2015,452820
05-03-2016,615311
05-03-2017,559569
05-03-2018,737186
05-03-2019,908436
05-03-2020,147257
05-03-2021,256911
05-04-2009,241108
05-04-2010,261687
05-04-2011,263203
05-04-2012,346704
05-04-2013,239292
05-04-2014,309143
05-04-2015,544844
05-04-2016,691508
05-04-2017,600993
05-04-2018,803752
05-04-2019,653393
05-04-2020,159790
05-04-2021,286940
05-05-2009,254668
05-05-2010,277653
05-05-2011,271388
05-05-2012,223940
05-05-2013,175872
05-05-2014,404085
05-05-2015,506962
05-05-2016,725166
05-05-2017,668528
05-05-2018,701778
05-05-2019,567776
05-05-2020,186163
05-05-2021,335436
05-06-2009,256729
05-06-2010,290841
05-06-2011,305714
05-06-2012,189674
05-06-2013,269942
05-06-2014,421373
05-06-2015,543673
05-06-2016,837827
05-06-2017,491693
05-06-2018,581577
05-06-2019,722955
05-06-2020,172842
05-06-2021,344715
05-07-2009,257464
05-07-2010,329601
05-07-2011,200641
05-07-2012,281407
05-07-2013,274838
05-07-2014,430494
05-07-2015,556631
05-07-2016,667976
05-07-2017,402430
05-07-2018,674019
05-07-2019,757758
05-07-2020,176481
05-07-2021,395631
05-08-2009,292888
05-08-2010,230755
05-08-2011,141368
05-08-2012,307579
05-08-2013,294253
05-08-2014,458677
05-08-2015,662573
05-08-2016,468801
05-08-2017,492725
05-08-2018,714870
05-08-2019,754208
05-08-2020,202277
05-08-2021,390907
05-09-2009,186950
05-09-2010,183714
05-09-2011,250434
05-09-2012,306588
05-09-2013,310491
05-09-2014,520813
05-09-2015,512580
05-09-2016,577666
05-09-2017,538218
05-09-2018,803022
05-09-2019,752630
05-09-2020,141747
05-09-2021,316226
05-10-2009,159435
05-10-2010,265130
05-10-2011,255437
05-10-2012,319462
05-10-2013,353963
05-10-2014,382964
05-10-2015,394815
05-10-2016,641085
05-10-2017,568189
05-10-2018,724133
05-10-2019,682392
05-10-2020,155927
05-10-2021,257644
05-11-2009,231013
05-11-2010,253743
05-11-2011,236278
05-11-2012,348616
05-11-2013,259521
05-11-2014,370953
05-11-2015,508168
05-11-2016,652510
05-11-2017,567444
05-11-2018,618683
05-11-2019,624718
05-11-2020,173860
05-11-2021,277676
05-12-2009,235842
05-12-2010,264172
05-12-2011,252889
05-12-2012,245517
05-12-2013,187588
05-12-2014,430259
05-12-2015,514329
05-12-2016,688501
05-12-2017,642942
05-12-2018,639883
05-12-2019,494330
05-12-2020,188782
05-12-2021,330347
06-01-2009,249127
06-01-2010,261862
06-01-2011,256897
06-01-2012,336701
06-01-2013,187717
06-01-2014,322877
06-01-2015,524373
06-01-2016,646611
06-01-2017,509074
06-01-2018,785575
06-01-2019,634415
06-01-2020,182143
06-02-2009,256157
06-02-2010,265773
06-02-2011,267696
06-02-2012,220352
06-02-2013,164982
06-02-2014,445546
06-02-2015,528939
06-02-2016,650569
06-02-2017,625069
06-02-2018,682116
06-02-2019,478463
06-02-2020,262218
06-03-2009,283574
06-03-2010,269513
06-03-2011,306014
06-03-2012,172728
06-03-2013,238200
06-03-2014,425494
06-03-2015,579905
06-03-2016,713045
06-03-2017,515674
06-03-2018,518514
06-03-2019,577484
06-03-2020,263772
06-04-2009,286353
06-04-2010,316381
06-04-2011,216176
06-04-2012,245872
06-04-2013,245211
06-04-2014,454521
06-04-2015,540945
06-04-2016,524250
06-04-2017,409450
06-04-2018,638408
06-04-2019,699422
06-04-2020,283864
06-05-2009,319370
06-05-2010,199624
06-05-2011,172301
06-05-2012,258536
06-05-2013,251066
06-05-2014,481579
06-05-2015,682471
06-05-2016,433985
06-05-2017,510095
06-05-2018,666350
06-05-2019,699449
06-05-2020,316827
06-06-2009,220637
06-06-2010,168645
06-06-2011,244037
06-06-2012,277362
06-06-2013,263851
06-06-2014,557119
06-06-2015,637017
06-06-2016,622563
06-06-2017,518925
06-06-2018,778577
06-06-2019,724353
06-06-2020,359986
06-07-2009,208965
06-07-2010,253716
06-07-2011,228921
06-07-2012,296435
06-07-2013,311924
06-07-2014,424009
06-07-2015,540196
06-07-2016,607044
06-07-2017,570696
06-07-2018,697551
06-07-2019,838457
06-07-2020,264443
06-08-2009,140377
06-08-2010,253338
06-08-2011,237011
06-08-2012,323111
06-08-2013,225107
06-08-2014,417923
06-08-2015,463457
06-08-2016,619490
06-08-2017,553586
06-08-2018,717758
06-08-2019,653638
06-08-2020,249712
06-09-2009,225377
06-09-2010,246090
06-09-2011,256505
06-09-2012,225754
06-09-2013,209189
06-09-2014,331318
06-09-2015,541621
06-09-2016,627753
06-09-2017,720789
06-09-2018,712181
06-09-2019,578906
06-09-2020,265769
06-10-2009,235717
06-10-2010,270362
06-10-2011,304140
06-10-2012,207515
06-10-2013,166589
06-10-2014,455292
06-10-2015,565075
06-10-2016,695730
06-10-2017,575576
06-10-2018,674223
06-10-2019,467719
06-10-2020,275125
06-11-2009,257183
06-11-2010,305837
06-11-2011,231673
06-11-2012,179125
06-11-2013,240582
06-11-2014,466100
06-11-2015,596107
06-11-2016,568372
06-11-2017,518019
06-11-2018,529526
06-11-2019,687995
06-11-2020,278315
06-12-2009,301122
06-12-2010,210995
06-12-2011,218508
06-12-2012,273935
06-12-2013,230607
06-12-2014,486917
06-12-2015,661425
06-12-2016,585804
06-12-2017,387743
06-12-2018,631543
06-12-2019,620081
06-12-2020,318808
07-01-2009,269596
07-01-2010,287463
07-01-2011,307462
07-01-2012,167963
07-01-2013,262415
07-01-2014,452606
07-01-2015,626970
07-01-2016,740660
07-01-2017,616019
07-01-2018,586864
07-01-2019,681065
07-01-2020,286445
07-02-2009,259744
07-02-2010,316062
07-02-2011,215226
07-02-2012,276663
07-02-2013,272456
07-02-2014,486786
07-02-2015,603980
07-02-2016,607997
07-02-2017,537761
07-02-2018,691138
07-02-2019,703669
07-02-2020,275972
07-03-2009,296648
07-03-2010,219945
07-03-2011,161401
07-03-2012,301283
07-03-2013,281034
07-03-2014,489966
07-03-2015,715618
07-03-2016,529165
07-03-2017,579373
07-03-2018,697061
07-03-2019,755056
07-03-2020,229911
07-04-2009,208163
07-04-2010,187839
07-04-2011,257577
07-04-2012,313558
07-04-2013,266028
07-04-2014,537576
07-04-2015,474642
07-04-2016,627915
07-04-2017,626490
07-04-2018,740832
07-04-2019,792842
07-04-2020,244462
07-05-2009,179603
07-05-2010,277854
07-05-2011,237898
07-05-2012,317887
07-05-2013,334179
07-05-2014,408624
07-05-2015,478331
07-05-2016,540622
07-05-2017,658694
07-05-2018,751197
07-05-2019,938219
07-05-2020,206853
07-06-2009,260196
07-06-2010,293701
07-06-2011,256466
07-06-2012,372098
07-06-2013,237520
07-06-2014,354274
07-06-2015,516569
07-06-2016,637720
07-06-2017,686601
07-06-2018,893364
07-06-2019,778021
07-06-2020,223914
07-07-2009,280288
07-07-2010,291290
07-07-2011,263151
07-07-2012,268369
07-07-2013,191583
07-07-2014,461926
07-07-2015,590907
07-07-2016,671555
07-07-2017,784079
07-07-2018,622386
07-07-2019,530542
07-07-2020,235809
07-08-2009,291385
07-08-2010,293627
07-08-2011,297651
07-08-2012,208136
07-08-2013,276264
07-08-2014,471139
07-08-2015,629963
07-08-2016,826329
07-08-2017,586585
07-08-2018,572870
07-08-2019,780253
07-08-2020,286385
07-09-2009,298957
07-09-2010,336970
07-09-2011,210206
07-09-2012,292855
07-09-2013,269938
07-09-2014,432936
07-09-2015,608373
07-09-2016,659317
07-09-2017,507736
07-09-2018,715776
07-09-2019,777528
07-09-2020,168416
07-10-2009,322423
07-10-2010,206719
07-10-2011,140803
07-10-2012,286554
07-10-2013,288791
07-10-2014,477292
07-10-2015,697116
07-10-2016,445675
07-10-2017,604159
07-10-2018,737990
07-10-2019,751076
07-10-2020,179151
07-11-2009,183348
07-11-2010,196216
07-11-2011,249383
07-11-2012,310639
07-11-2013,292607
07-11-2014,559895
07-11-2015,474872
07-11-2016,611912
07-11-2017,644573
07-11-2018,772777
07-11-2019,728401
07-11-2020,104606
07-12-2009,173043
07-12-2010,259573
07-12-2011,255848
07-12-2012,302440
07-12-2013,348667
07-12-2014,383377
07-12-2015,280439
07-12-2016,593788
07-12-2017,659620
07-12-2018,776000
07-12-2019,775136
07-12-2020,125107
08-01-2009,218284
08-01-2010,166793
08-01-2011,245764
08-01-2012,289414
08-01-2013,263966
08-01-2014,417020
08-01-2015,531705
08-01-2016,565804
08-01-2017,567873
08-01-2018,805066
08-01-2019,811276
08-01-2020,143025
08-02-2009,180844
08-02-2010,261590
08-02-2011,259117
08-02-2012,292071
08-02-2013,281454
08-02-2014,390925
08-02-2015,429088
08-02-2016,641344
08-02-2017,581568
08-02-2018,816154
08-02-2019,934717
08-02-2020,135447
08-03-2009,266703
08-03-2010,266445
08-03-2011,272167
08-03-2012,358734
08-03-2013,189721
08-03-2014,341246
08-03-2015,526778
08-03-2016,623707
08-03-2017,541575
08-03-2018,868148
08-03-2019,718078
08-03-2020,108170
08-04-2009,257788
08-04-2010,266273
08-04-2011,266868
08-04-2012,252992
08-04-2013,167739
08-04-2014,423247
08-04-2015,555977
08-04-2016,697515
08-04-2017,678298
08-04-2018,743431
08-04-2019,601593
08-04-2020,105627
08-05-2009,279329
08-05-2010,279970
08-05-2011,293535
08-05-2012,188186
08-05-2013,246623
08-05-2014,427133
08-05-2015,571195
08-05-2016,826425
08-05-2017,566359
08-05-2018,615406
08-05-2019,786616
08-05-2020,111230
08-06-2009,278602
08-06-2010,324604
08-06-2011,190509
08-06-2012,278084
08-06-2013,247243
08-06-2014,417099
08-06-2015,574158
08-06-2016,638545
08-06-2017,407353
08-06-2018,691731
08-06-2019,763354
08-06-2020,91172
08-07-2009,317601
08-07-2010,222973
08-07-2011,150156
08-07-2012,287687
08-07-2013,247223
08-07-2014,441378
08-07-2015,687929
08-07-2016,539168
08-07-2017,536863
08-07-2018,742958
08-07-2019,795837
08-07-2020,84298
08-08-2009,232773
08-08-2010,200207
08-08-2011,248566
08-08-2012,254889
08-08-2013,270986
08-08-2014,555532
08-08-2015,540401
08-08-2016,624989
08-08-2017,596215
08-08-2018,734419
08-08-2019,777973
08-08-2020,80846
08-09-2009,186999
08-09-2010,273316
08-09-2011,238472
08-09-2012,267602
08-09-2013,281475
08-09-2014,432130
08-09-2015,479401
08-09-2016,641444
08-09-2017,611458
08-09-2018,747746
08-09-2019,755990
08-09-2020,88894
08-10-2009,248576
08-10-2010,245768
08-10-2011,243249
08-10-2012,319928
08-10-2013,230496
08-10-2014,355814
08-10-2015,536809
08-10-2016,632576
08-10-2017,613531
08-10-2018,868735
08-10-2019,597888
08-10-2020,96887
08-11-2009,253657
08-11-2010,250616
08-11-2011,261947
08-11-2012,226739
08-11-2013,188930
08-11-2014,431148
08-11-2015,553589
08-11-2016,668770
08-11-2017,693400
08-11-2018,645381
08-11-2019,513596
08-11-2020,95180
08-12-2009,269824
08-12-2010,272631
08-12-2011,310295
08-12-2012,211373
08-12-2013,238208
08-12-2014,443141
08-12-2015,558721
08-12-2016,744288
08-12-2017,539856
08-12-2018,605608
08-12-2019,712837
08-12-2020,92116
09-01-2009,253374
09-01-2010,245034
09-01-2011,257632
09-01-2012,257519
09-01-2013,285411
09-01-2014,377494
09-01-2015,577875
09-01-2016,617364
09-01-2017,705140
09-01-2018,631159
09-01-2019,509416
09-01-2020,121502
09-02-2009,267646
09-02-2010,268374
09-02-2011,316175
09-02-2012,209653
09-02-2013,365464
09-02-2014,444987
09-02-2015,557953
09-02-2016,724798
09-02-2017,536908
09-02-2018,534939
09-02-2019,733078
09-02-2020,112719
09-03-2009,268623
09-03-2010,312303
09-03-2011,206180
09-03-2012,289035
09-03-2013,376436
09-03-2014,462561
09-03-2015,573593
09-03-2016,597883
09-03-2017,413123
09-03-2018,709261
09-03-2019,796292
09-03-2020,117236
09-04-2009,294268
09-04-2010,182927
09-04-2011,143470
09-04-2012,282483
09-04-2013,382490
09-04-2014,480975
09-04-2015,650902
09-04-2016,471979
09-04-2017,504647
09-04-2018,769778
09-04-2019,780565
09-04-2020,126235
09-05-2009,207873
09-05-2010,140915
09-05-2011,250824
09-05-2012,269992
09-05-2013,360976
09-05-2014,565101
09-05-2015,545985
09-05-2016,604882
09-05-2017,516970
09-05-2018,792164
09-05-2019,805749
09-05-2020,127637
09-06-2009,151450
09-06-2010,245459
09-06-2011,232594
09-06-2012,272993
09-06-2013,453315
09-06-2014,457870
09-06-2015,398715
09-06-2016,635962
09-06-2017,529974
09-06-2018,774095
09-06-2019,891940
09-06-2020,124957
09-07-2009,240703
09-07-2010,259141
09-07-2011,251472
09-07-2012,311039
09-07-2013,333137
09-07-2014,355216
09-07-2015,509763
09-07-2016,673933
09-07-2017,545018
09-07-2018,938298
09-07-2019,613002
09-07-2020,121116
09-08-2009,246007
09-08-2010,271743
09-08-2011,257530
09-08-2012,221811
09-08-2013,284875
09-08-2014,425323
09-08-2015,541648
09-08-2016,668405
09-08-2017,665810
09-08-2018,703303
09-08-2019,465220
09-08-2020,104201
09-09-2009,258660
09-09-2010,274319
09-09-2011,272907
09-09-2012,182670
09-09-2013,348933
09-09-2014,408836
09-09-2015,572380
09-09-2016,707459
09-09-2017,540443
09-09-2018,528814
09-09-2019,686046
09-09-2020,121839
09-10-2009,268028
09-10-2010,304149
09-10-2011,190805
09-10-2012,270566
09-10-2013,355490
09-10-2014,449286
09-10-2015,633522
09-10-2016,559170
09-10-2017,455550
09-10-2018,737695
09-10-2019,740234
09-10-2020,134671
09-11-2009,311140
09-11-2010,213063
09-11-2011,147127
09-11-2012,280715
09-11-2013,371525
09-11-2014,437206
09-11-2015,699897
09-11-2016,486926
09-11-2017,548230
09-11-2018,803432
09-11-2019,776748
09-11-2020,128364
09-12-2009,220302
09-12-2010,162717
09-12-2011,234731
09-12-2012,276707
09-12-2013,372838
09-12-2014,516543
09-12-2015,559732
09-12-2016,590649
09-12-2017,569329
09-12-2018,800446
09-12-2019,781524
09-12-2020,84930
10-01-2009,299991
10-01-2010,348972
10-01-2011,155447
10-01-2012,307578
10-01-2013,384580
10-01-2014,500956
10-01-2015,777692
10-01-2016,541152
10-01-2017,491805
10-01-2018,812088
10-01-2019,820375
10-01-2020,161096
10-02-2009,320747
10-02-2010,227644
10-02-2011,158940
10-02-2012,315897
10-02-2013,423719
10-02-2014,517334
10-02-2015,652706
10-02-2016,406619
10-02-2017,650927
10-02-2018,819692
10-02-2019,850179
10-02-2020,164619
10-03-2009,269773
10-03-2010,199321
10-03-2011,271194
10-03-2012,331986
10-03-2013,454030
10-03-2014,599633
10-03-2015,542282
10-03-2016,528461
10-03-2017,700162
10-03-2018,795998
10-03-2019,885373
10-03-2020,141391
10-04-2009,193217
10-04-2010,258857
10-04-2011,250448
10-04-2012,329140
10-04-2013,534957
10-04-2014,486515
10-04-2015,451117
10-04-2016,516578
10-04-2017,743727
10-04-2018,828515
10-04-2019,838920
10-04-2020,112983
10-05-2009,255353
10-05-2010,264277
10-05-2011,286799
10-05-2012,353610
10-05-2013,385041
10-05-2014,366475
10-05-2015,561247
10-05-2016,582804
10-05-2017,673736
10-05-2018,934599
10-05-2019,775279
10-05-2020,111473
10-06-2009,249777
10-06-2010,252916
10-06-2011,289019
10-06-2012,204118
10-06-2013,290175
10-06-2014,433264
10-06-2015,534950
10-06-2016,661015
10-06-2017,763346
10-06-2018,719750
10-06-2019,659508
10-06-2020,112459
10-07-2009,269939
10-07-2010,283891
10-07-2011,306050
10-07-2012,174323
10-07-2013,404085
10-07-2014,457601
10-07-2015,587563
10-07-2016,651828
10-07-2017,637972
10-07-2018,547674
10-07-2019,813739
10-07-2020,115245
10-08-2009,274241
10-08-2010,315584
10-08-2011,205243
10-08-2012,268246
10-08-2013,417348
10-08-2014,476031
10-08-2015,629696
10-08-2016,573688
10-08-2017,499737
10-08-2018,709823
10-08-2019,762589
10-08-2020,125631
10-09-2009,333624
10-09-2010,218010
10-09-2011,152123
10-09-2012,276342
10-09-2013,435652
10-09-2014,509994
10-09-2015,701303
10-09-2016,375432
10-09-2017,586012
10-09-2018,633483
10-09-2019,811329
10-09-2020,144006
10-10-2009,240153
10-10-2010,188284
10-10-2011,234365
10-10-2012,278110
10-10-2013,399850
10-10-2014,581607
10-10-2015,530790
10-10-2016,521080
10-10-2017,660856
10-10-2018,742177
10-10-2019,837773
10-10-2020,154509
10-11-2009,206622
10-11-2010,265130
10-11-2011,246329
10-11-2012,275807
10-11-2013,521498
10-11-2014,464373
10-11-2015,440025
10-11-2016,564163
10-11-2017,614791
10-11-2018,797252
10-11-2019,1015001
10-11-2020,140357
10-12-2009,257169
10-12-2010,251072
10-12-2011,264310
10-12-2012,323345
10-12-2013,460152
10-12-2014,402496
10-12-2015,515737
10-12-2016,553275
10-12-2017,677026
10-12-2018,898086
10-12-2019,891714
10-12-2020,146003
11-01-2009,179576
11-01-2010,309530
11-01-2011,132780
11-01-2012,269171
11-01-2013,528254
11-01-2014,357056
11-01-2015,446762
11-01-2016,350967
11-01-2017,693424
11-01-2018,741618
11-01-2019,825948
11-01-2020,339667
11-02-2009,317413
11-02-2010,136482
11-02-2011,234096
11-02-2012,320289
11-02-2013,384173
11-02-2014,350928
11-02-2015,597289
11-02-2016,576381
11-02-2017,720055
11-02-2018,775937
11-02-2019,524477
11-02-2020,335642
11-03-2009,139401
11-03-2010,271493
11-03-2011,251482
11-03-2012,222609
11-03-2013,303667
11-03-2014,557262
11-03-2015,395150
11-03-2016,624483
11-03-2017,801824
11-03-2018,616112
11-03-2019,510692
11-03-2020,286980
11-04-2009,275449
11-04-2010,273633
11-04-2011,296807
11-04-2012,202407
11-04-2013,489100
11-04-2014,305228
11-04-2015,573447
11-04-2016,686466
11-04-2017,728442
11-04-2018,536549
11-04-2019,688207
11-04-2020,190675
11-05-2009,280190
11-05-2010,321628
11-05-2011,198831
11-05-2012,316257
11-05-2013,309743
11-05-2014,492080
11-05-2015,533293
11-05-2016,470935
11-05-2017,588898
11-05-2018,755213
11-05-2019,526734
11-05-2020,246692
11-06-2009,323935
11-06-2010,225526
11-06-2011,144791
11-06-2012,156088
11-06-2013,479713
11-06-2014,512572
11-06-2015,611397
11-06-2016,436948
11-06-2017,793972
11-06-2018,386770
11-06-2019,753064
11-06-2020,288551
11-07-2009,226620
11-07-2010,162408
11-07-2011,263222
11-07-2012,299212
11-07-2013,452877
11-07-2014,572309
11-07-2015,545573
11-07-2016,542015
11-07-2017,476315
11-07-2018,684866
11-07-2019,726160
11-07-2020,365548
11-08-2009,162021
11-08-2010,269842
11-08-2011,251600
11-08-2012,303153
11-08-2013,482463
11-08-2014,379657
11-08-2015,465766
11-08-2016,592874
11-08-2017,765526
11-08-2018,749477
11-08-2019,795093
11-08-2020,321671
11-09-2009,261251
11-09-2010,279467
11-09-2011,248059
11-09-2012,314220
11-09-2013,357337
11-09-2014,356057
11-09-2015,550326
11-09-2016,576560
11-09-2017,770028
11-09-2018,790208
11-09-2019,649751
11-09-2020,262820
11-10-2009,270457
11-10-2010,253069
11-10-2011,276018
11-10-2012,252647
11-10-2013,306180
11-10-2014,467461
11-10-2015,592849
11-10-2016,632071
11-10-2017,883232
11-10-2018,663083
11-10-2019,575873
11-10-2020,264765
11-11-2009,286689
11-11-2010,276376
11-11-2011,317959
11-11-2012,214237
11-11-2013,412879
11-11-2014,493734
11-11-2015,640890
11-11-2016,730145
11-11-2017,715955
11-11-2018,563620
11-11-2019,821511
11-11-2020,224537
11-12-2009,306185
11-12-2010,282995
11-12-2011,209122
11-12-2012,281361
11-12-2013,394555
11-12-2014,533982
11-12-2015,688901
11-12-2016,552046
11-12-2017,608434
11-12-2018,717577
11-12-2019,761853
11-12-2020,287179
12-01-2009,297283
12-01-2010,278968
12-01-2011,304222
12-01-2012,255779
12-01-2013,387364
12-01-2014,467346
12-01-2015,625150
12-01-2016,646101
12-01-2017,633222
12-01-2018,747888
12-01-2019,546495
12-01-2020,316908
12-02-2009,311997
12-02-2010,282610
12-02-2011,337800
12-02-2012,223637
12-02-2013,426164
12-02-2014,498473
12-02-2015,649315
12-02-2016,719944
12-02-2017,413507
12-02-2018,556873
12-02-2019,749690
12-02-2020,366340
12-03-2009,295609
12-03-2010,323589
12-03-2011,226609
12-03-2012,291678
12-03-2013,447377
12-03-2014,482401
12-03-2015,668547
12-03-2016,602893
12-03-2017,481926
12-03-2018,719201
12-03-2019,808277
12-03-2020,392107
12-04-2009,346304
12-04-2010,218375
12-04-2011,179104
12-04-2012,279977
12-04-2013,424291
12-04-2014,518146
12-04-2015,776975
12-04-2016,420349
12-04-2017,668895
12-04-2018,777695
12-04-2019,855511
12-04-2020,493588
12-05-2009,234506
12-05-2010,191040
12-05-2011,277214
12-05-2012,300529
12-05-2013,443741
12-05-2014,568196
12-05-2015,665767
12-05-2016,590254
12-05-2017,757394
12-05-2018,841023
12-05-2019,919269
12-05-2020,489269
12-06-2009,222543
12-06-2010,260099
12-06-2011,292482
12-06-2012,329081
12-06-2013,563086
12-06-2014,467384
12-06-2015,619551
12-06-2016,631488
12-06-2017,826142
12-06-2018,767492
12-06-2019,974729
12-06-2020,404066
12-07-2009,284574
12-07-2010,256758
12-07-2011,302518
12-07-2012,374141
12-07-2013,485860
12-07-2014,354940
12-07-2015,639904
12-07-2016,704094
12-07-2017,742048
12-07-2018,737480
12-07-2019,852666
12-07-2020,311007
12-08-2009,265490
12-08-2010,245918
12-08-2011,300427
12-08-2012,239679
12-08-2013,393661
12-08-2014,493948
12-08-2015,659590
12-08-2016,679139
12-08-2017,913806
12-08-2018,656343
12-08-2019,720321
12-08-2020,376385
12-09-2009,318823
12-09-2010,289681
12-09-2011,317501
12-09-2012,233839
12-09-2013,401525
12-09-2014,503300
12-09-2015,706915
12-09-2016,768011
12-09-2017,759334
12-09-2018,550934
12-09-2019,790868
12-09-2020,448039
12-10-2009,300799
12-10-2010,325956
12-10-2011,207816
12-10-2012,314975
12-10-2013,460305
12-10-2014,522104
12-10-2015,739517
12-10-2016,643880
12-10-2017,668967
12-10-2018,792334
12-10-2019,855754
12-10-2020,438663
12-11-2009,343592
12-11-2010,226435
12-11-2011,175558
12-11-2012,329952
12-11-2013,473900
12-11-2014,513732
12-11-2015,744363
12-11-2016,545013
12-11-2017,793143
12-11-2018,831842
12-11-2019,881085
12-11-2020,543000
12-12-2009,258706
12-12-2010,171622
12-12-2011,275337
12-12-2012,337372
12-12-2013,523381
12-12-2014,601136
12-12-2015,643844
12-12-2016,647059
12-12-2017,822951
12-12-2018,815982
12-12-2019,912221
12-12-2020,595152
13-01-2010,257970
13-01-2011,228943
13-01-2012,301391
13-01-2013,210054
13-01-2014,469680
13-01-2015,428901
13-01-2016,526676
13-01-2017,532048
13-01-2018,535466
13-01-2019,503191
13-01-2020,776131
13-01-2021,358544
13-02-2010,238486
13-02-2011,164387
13-02-2012,298704
13-02-2013,308255
13-02-2014,507259
13-02-2015,577716
13-02-2016,669691
13-02-2017,514714
13-02-2018,776160
13-02-2019,714350
13-02-2020,819376
13-02-2021,109875
13-03-2010,254013
13-03-2011,218903
13-03-2012,314675
13-03-2013,279375
13-03-2014,539927
13-03-2015,728920
13-03-2016,746962
13-03-2017,566090
13-03-2018,754838
13-03-2019,824479
13-03-2020,839718
13-03-2021,397322
13-04-2010,283887
13-04-2011,287289
13-04-2012,399223
13-04-2013,250456
13-04-2014,551418
13-04-2015,562914
13-04-2016,723817
13-04-2017,699563
13-04-2018,945614
13-04-2019,751899
13-04-2020,110739
13-04-2021,554430
13-05-2009,241830
13-05-2010,268440
13-05-2011,313168
13-05-2012,151131
13-05-2013,256325
13-05-2014,427979
13-05-2015,533158
13-05-2016,793290
13-05-2017,532369
13-05-2018,566785
13-05-2019,666884
13-05-2020,189478
13-05-2021,295516
13-06-2009,193662
13-06-2010,199477
13-06-2011,167383
13-06-2012,277294
13-06-2013,236033
13-06-2014,557362
13-06-2015,517094
13-06-2016,443408
13-06-2017,530279
13-06-2018,647042
13-06-2019,716824
13-06-2020,319338
13-07-2009,245796
13-07-2010,262858
13-07-2011,262764
13-07-2012,373579
13-07-2013,206018
13-07-2014,350906
13-07-2015,480004
13-07-2016,616785
13-07-2017,629153
13-07-2018,897761
13-07-2019,605764
13-07-2020,165339
13-08-2009,285138
13-08-2010,320307
13-08-2011,201961
13-08-2012,280952
13-08-2013,261852
13-08-2014,463055
13-08-2015,576497
13-08-2016,629893
13-08-2017,505625
13-08-2018,695855
13-08-2019,744991
13-08-2020,100450
13-09-2009,162498
13-09-2010,252179
13-09-2011,248649
13-09-2012,273758
13-09-2013,445901
13-09-2014,406805
13-09-2015,538052
13-09-2016,578316
13-09-2017,585817
13-09-2018,824492
13-09-2019,911881
13-09-2020,138705
13-10-2009,251848
13-10-2010,242890
13-10-2011,278179
13-10-2012,240623
13-10-2013,301533
13-10-2014,412819
13-10-2015,578092
13-10-2016,610406
13-10-2017,746482
13-10-2018,693407
13-10-2019,748319
13-10-2020,134898
13-11-2009,351609
13-11-2010,160432
13-11-2011,166755
13-11-2012,303132
13-11-2013,406560
13-11-2014,534646
13-11-2015,767005
13-11-2016,401012
13-11-2017,722374
13-11-2018,725514
13-11-2019,813262
13-11-2020,330106
13-12-2009,206953
13-12-2010,281115
13-12-2011,281157
13-12-2012,303439
13-12-2013,551375
13-12-2014,479015
13-12-2015,554435
13-12-2016,615701
13-12-2017,783137
13-12-2018,696310
13-12-2019,987362
13-12-2020,439515
14-01-2010,278609
14-01-2011,275763
14-01-2012,196510
14-01-2013,277955
14-01-2014,404315
14-01-2015,469651
14-01-2016,612574
14-01-2017,456663
14-01-2018,634133
14-01-2019,618408
14-01-2020,732120
14-01-2021,392842
14-02-2010,253187
14-02-2011,274752
14-02-2012,326485
14-02-2013,332958
14-02-2014,601852
14-02-2015,601566
14-02-2016,682517
14-02-2017,594850
14-02-2018,835388
14-02-2019,754779
14-02-2020,848409
14-02-2021,117671
14-03-2010,287997
14-03-2011,289712
14-03-2012,315123
14-03-2013,310610
14-03-2014,625298
14-03-2015,573160
14-03-2016,650464
14-03-2017,558199
14-03-2018,794840
14-03-2019,846115
14-03-2020,626220
14-03-2021,434290
14-04-2010,296215
14-04-2011,306350
14-04-2012,271577
14-04-2013,207988
14-04-2014,542553
14-04-2015,576960
14-04-2016,745662
14-04-2017,471177
14-04-2018,597581
14-04-2019,647560
14-04-2020,137733
14-04-2021,585798
14-05-2009,252765
14-05-2010,314897
14-05-2011,184078
14-05-2012,275084
14-05-2013,266423
14-05-2014,445862
14-05-2015,567567
14-05-2016,674512
14-05-2017,454015
14-05-2018,662189
14-05-2019,714440
14-05-2020,204745
14-05-2021,388402
14-06-2009,155088
14-06-2010,174575
14-06-2011,250756
14-06-2012,283464
14-06-2013,306154
14-06-2014,409286
14-06-2015,423527
14-06-2016,579709
14-06-2017,548934
14-06-2018,675922
14-06-2019,856939
14-06-2020,273561
14-07-2009,258612
14-07-2010,261520
14-07-2011,275836
14-07-2012,255310
14-07-2013,170627
14-07-2014,425764
14-07-2015,487003
14-07-2016,675597
14-07-2017,679518
14-07-2018,725447
14-07-2019,459148
14-07-2020,171574
14-08-2009,332630
14-08-2010,218310
14-08-2011,181844
14-08-2012,265521
14-08-2013,246283
14-08-2014,483652
14-08-2015,627460
14-08-2016,568123
14-08-2017,586612
14-08-2018,749846
14-08-2019,810382
14-08-2020,90715
14-09-2009,255271
14-09-2010,269978
14-09-2011,244236
14-09-2012,308166
14-09-2013,317609
14-09-2014,344084
14-09-2015,578139
14-09-2016,622864
14-09-2017,610491
14-09-2018,941484
14-09-2019,707891
14-09-2020,125292
14-10-2009,253166
14-10-2010,283035
14-10-2011,314707
14-10-2012,243713
14-10-2013,384800
14-10-2014,456761
14-10-2015,607247
14-10-2016,713823
14-10-2017,684670
14-10-2018,593667
14-10-2019,793265
14-10-2020,154291
14-11-2009,249520
14-11-2010,156092
14-11-2011,261243
14-11-2012,301070
14-11-2013,470039
14-11-2014,581694
14-11-2015,597169
14-11-2016,540300
14-11-2017,728995
14-11-2018,732007
14-11-2019,910529
14-11-2020,436497
14-12-2009,309219
14-12-2010,305137
14-12-2011,307048
14-12-2012,348391
14-12-2013,496673
14-12-2014,409057
14-12-2015,673310
14-12-2016,655230
14-12-2017,829057
14-12-2018,828372
14-12-2019,813339
14-12-2020,366040
15-01-2010,306800
15-01-2011,199129
15-01-2012,233303
15-01-2013,296577
15-01-2014,428851
15-01-2015,484780
15-01-2016,724970
15-01-2017,465708
15-01-2018,718848
15-01-2019,638897
15-01-2020,678680
15-01-2021,392440
15-02-2010,287885
15-02-2011,254401
15-02-2012,300199
15-02-2013,345519
15-02-2014,466500
15-02-2015,458469
15-02-2016,659351
15-02-2017,574688
15-02-2018,817489
15-02-2019,827756
15-02-2020,594842
15-02-2021,123471
15-03-2010,284687
15-03-2011,270319
15-03-2012,313306
15-03-2013,354522
15-03-2014,456541
15-03-2015,490759
15-03-2016,671662
15-03-2017,536590
15-03-2018,795874
15-03-2019,949305
15-03-2020,483823
15-03-2021,430529
15-04-2010,305700
15-04-2011,361336
15-04-2012,210494
15-04-2013,263882
15-04-2014,561766
15-04-2015,629175
15-04-2016,881389
15-04-2017,539783
15-04-2018,531138
15-04-2019,817047
15-04-2020,140878
15-04-2021,650094
15-05-2009,290267
15-05-2010,218893
15-05-2011,165084
15-05-2012,292108
15-05-2013,257522
15-05-2014,469165
15-05-2015,665396
15-05-2016,527120
15-05-2017,510207
15-05-2018,664186
15-05-2019,715327
15-05-2020,220671
15-05-2021,383653
15-06-2009,245724
15-06-2010,247024
15-06-2011,269252
15-06-2012,336699
15-06-2013,223468
15-06-2014,346347
15-06-2015,551739
15-06-2016,618458
15-06-2017,558423
15-06-2018,724422
15-06-2019,711919
15-06-2020,274560
15-07-2009,275165
15-07-2010,282842
15-07-2011,317590
15-07-2012,230379
15-07-2013,255697
15-07-2014,423664
15-07-2015,553158
15-07-2016,786006
15-07-2017,574596
15-07-2018,566742
15-07-2019,668542
15-07-2020,171848
15-08-2009,225880
15-08-2010,173793
15-08-2011,234562
15-08-2012,280447
15-08-2013,274546
15-08-2014,588692
15-08-2015,579764
15-08-2016,632880
15-08-2017,565622
15-08-2018,758640
15-08-2019,814376
15-08-2020,112778
15-09-2009,270983
15-09-2010,264183
15-09-2011,263075
15-09-2012,233753
15-09-2013,285887
15-09-2014,424416
15-09-2015,549311
15-09-2016,611888
15-09-2017,667928
15-09-2018,563598
15-09-2019,477097
15-09-2020,137219
15-10-2009,260041
15-10-2010,250606
15-10-2011,190698
15-10-2012,290295
15-10-2013,434985
15-10-2014,485502
15-10-2015,609690
15-10-2016,542013
15-10-2017,609065
15-10-2018,691739
15-10-2019,828278
15-10-2020,124895
15-11-2009,193202
15-11-2010,242464
15-11-2011,266078
15-11-2012,308507
15-11-2013,540968
15-11-2014,448762
15-11-2015,540609
15-11-2016,595708
15-11-2017,753974
15-11-2018,813915
15-11-2019,1006649
15-11-2020,300190
15-12-2009,319999
15-12-2010,290270
15-12-2011,310095
15-12-2012,275682
15-12-2013,388048
15-12-2014,486480
15-12-2015,690976
15-12-2016,691219
15-12-2017,943607
15-12-2018,687881
15-12-2019,714535
15-12-2020,378222
16-01-2010,188927
16-01-2011,225298
16-01-2012,293426
16-01-2013,321899
16-01-2014,397916
16-01-2015,578750
16-01-2016,589346
16-01-2017,543821
16-01-2018,805776
16-01-2019,676692
16-01-2020,826978
16-01-2021,455543
16-02-2010,288492
16-02-2011,259621
16-02-2012,287443
16-02-2013,250287
16-02-2014,385121
16-02-2015,522039
16-02-2016,640697
16-02-2017,565850
16-02-2018,922653
16-02-2019,632223
16-02-2020,582700
16-02-2021,121527
16-03-2010,287455
16-03-2011,277212
16-03-2012,352472
16-03-2013,234152
16-03-2014,439257
16-03-2015,594026
16-03-2016,703152
16-03-2017,552435
16-03-2018,900585
16-03-2019,726951
16-03-2020,687934
16-03-2021,443325
16-04-2010,356792
16-04-2011,245934
16-04-2012,296079
16-04-2013,296737
16-04-2014,571524
16-04-2015,648782
16-04-2016,668218
16-04-2017,472596
16-04-2018,702178
16-04-2019,836714
16-04-2020,141992
16-04-2021,742916
16-05-2009,181023
16-05-2010,179733
16-05-2011,248722
16-05-2012,294010
16-05-2013,263694
16-05-2014,556618
16-05-2015,556646
16-05-2016,644614
16-05-2017,540831
16-05-2018,692178
16-05-2019,712607
16-05-2020,243777
16-05-2021,298710
16-06-2009,249053
16-06-2010,248752
16-06-2011,271215
16-06-2012,229651
16-06-2013,166170
16-06-2014,415322
16-06-2015,563991
16-06-2016,584295
16-06-2017,658843
16-06-2018,643543
16-06-2019,518919
16-06-2020,269431
16-07-2009,284946
16-07-2010,325467
16-07-2011,214837
16-07-2012,280576
16-07-2013,262095
16-07-2014,455540
16-07-2015,576055
16-07-2016,694441
16-07-2017,406334
16-07-2018,685796
16-07-2019,697076
16-07-2020,166468
16-08-2009,152753
16-08-2010,245959
16-08-2011,249350
16-08-2012,295642
16-08-2013,327476
16-08-2014,458160
16-08-2015,450525
16-08-2016,646232
16-08-2017,600683
16-08-2018,777417
16-08-2019,859268
16-08-2020,92176
16-09-2009,277782
16-09-2010,272148
16-09-2011,304809
16-09-2012,185460
16-09-2013,329777
16-09-2014,406222
16-09-2015,592421
16-09-2016,785093
16-09-2017,542549
16-09-2018,524743
16-09-2019,716250
16-09-2020,135269
16-10-2009,307302
16-10-2010,182468
16-10-2011,140704
16-10-2012,269175
16-10-2013,449874
16-10-2014,498583
16-10-2015,663558
16-10-2016,444736
16-10-2017,645915
16-10-2018,658056
16-10-2019,788110
16-10-2020,141843
16-11-2009,285992
16-11-2010,257701
16-11-2011,274877
16-11-2012,351967
16-11-2013,436089
16-11-2014,352013
16-11-2015,652123
16-11-2016,634224
16-11-2017,735935
16-11-2018,936028
16-11-2019,784745
16-11-2020,257361
16-12-2009,288471
16-12-2010,312977
16-12-2011,336342
16-12-2012,226731
16-12-2013,466220
16-12-2014,491162
16-12-2015,734011
16-12-2016,761279
16-12-2017,767175
16-12-2018,536929
16-12-2019,872395
16-12-2020,463787
17-01-2010,171239
17-01-2011,263896
17-01-2012,272399
17-01-2013,284208
17-01-2014,444935
17-01-2015,441219
17-01-2016,550697
17-01-2017,526535
17-01-2018,797930
17-01-2019,702195
17-01-2020,925091
17-01-2021,419829
17-02-2010,293812
17-02-2011,269734
17-02-2012,361120
17-02-2013,200455
17-02-2014,494656
17-02-2015,554552
17-02-2016,682152
17-02-2017,640067
17-02-2018,989404
17-02-2019,556786
17-02-2020,837995
17-02-2021,123303
17-03-2010,295939
17-03-2011,281651
17-03-2012,272643
17-03-2013,201283
17-03-2014,508714
17-03-2015,579477
17-03-2016,724483
17-03-2017,665697
17-03-2018,741713
17-03-2019,582610
17-03-2020,605226
17-03-2021,478918
17-04-2010,247775
17-04-2011,256164
17-04-2012,315332
17-04-2013,302551
17-04-2014,629844
17-04-2015,703342
17-04-2016,570963
17-04-2017,401430
17-04-2018,783506
17-04-2019,814122
17-04-2020,147498
17-04-2021,746269
17-05-2009,159279
17-05-2010,258172
17-05-2011,261684
17-05-2012,308493
17-05-2013,319341
17-05-2014,470738
17-05-2015,468310
17-05-2016,661532
17-05-2017,572565
17-05-2018,698288
17-05-2019,835289
17-05-2020,209891
17-05-2021,283402
17-06-2009,263971
17-06-2010,250933
17-06-2011,300814
17-06-2012,170630
17-06-2013,230230
17-06-2014,453051
17-06-2015,635634
17-06-2016,661837
17-06-2017,519084
17-06-2018,378360
17-06-2019,705515
17-06-2020,291197
17-07-2009,320282
17-07-2010,226341
17-07-2011,163260
17-07-2012,289987
17-07-2013,274534
17-07-2014,422535
17-07-2015,644910
17-07-2016,555681
17-07-2017,523005
17-07-2018,699900
17-07-2019,707474
17-07-2020,165596
17-08-2009,259732
17-08-2010,260767
17-08-2011,237224
17-08-2012,323314
17-08-2013,238529
17-08-2014,374965
17-08-2015,481734
17-08-2016,633978
17-08-2017,575320
17-08-2018,913125
17-08-2019,803517
17-08-2020,100378
17-09-2009,242964
17-09-2010,309711
17-09-2011,197490
17-09-2012,255918
17-09-2013,374181
17-09-2014,436310
17-09-2015,571835
17-09-2016,627683
17-09-2017,520078
17-09-2018,751041
17-09-2019,719355
17-09-2020,120741
17-10-2009,203353
17-10-2010,154837
17-10-2011,245725
17-10-2012,283280
17-10-2013,430113
17-10-2014,576630
17-10-2015,575503
17-10-2016,543250
17-10-2017,684129
17-10-2018,723569
17-10-2019,781214
17-10-2020,132910
17-11-2009,289181
17-11-2010,284048
17-11-2011,294297
17-11-2012,256977
17-11-2013,436311
17-11-2014,477641
17-11-2015,649510
17-11-2016,695865
17-11-2017,945058
17-11-2018,723541
17-11-2019,666196
17-11-2020,287853
17-12-2009,293286
17-12-2010,323991
17-12-2011,219794
17-12-2012,328239
17-12-2013,497033
17-12-2014,567776
17-12-2015,687276
17-12-2016,578366
17-12-2017,655180
17-12-2018,749603
17-12-2019,899134
17-12-2020,460825
18-01-2010,252620
18-01-2011,270382
18-01-2012,304423
18-01-2013,328846
18-01-2014,450585
18-01-2015,434167
18-01-2016,629602
18-01-2017,600457
18-01-2018,697489
18-01-2019,784846
18-01-2020,748440
18-01-2021,377417
18-02-2010,299870
18-02-2011,300497
18-02-2012,275817
18-02-2013,268401
18-02-2014,500317
18-02-2015,629421
18-02-2016,707372
18-02-2017,634328
18-02-2018,872102
18-02-2019,689073
18-02-2020,717675
18-02-2021,315466
18-03-2010,298086
18-03-2011,305916
18-03-2012,228949
18-03-2013,295653
18-03-2014,507935
18-03-2015,613218
18-03-2016,730517
18-03-2017,534489
18-03-2018,664634
18-03-2019,785420
18-03-2020,508208
18-03-2021,493119
18-04-2010,195993
18-04-2011,290128
18-04-2012,321816
18-04-2013,298351
18-04-2014,359672
18-04-2015,558398
18-04-2016,677515
18-04-2017,563015
18-04-2018,797086
18-04-2019,901530
18-04-2020,134233
18-04-2021,539530
18-05-2009,241340
18-05-2010,270488
18-05-2011,258135
18-05-2012,362338
18-05-2013,246670
18-05-2014,378082
18-05-2015,566187
18-05-2016,694125
18-05-2017,577407
18-05-2018,785155
18-05-2019,669255
18-05-2020,212654
18-05-2021,315072
18-06-2009,277093
18-06-2010,312317
18-06-2011,219299
18-06-2012,266878
18-06-2013,247936
18-06-2014,463445
18-06-2015,612668
18-06-2016,558896
18-06-2017,396715
18-06-2018,628283
18-06-2019,666366
18-06-2020,309546
18-07-2009,210954
18-07-2010,173404
18-07-2011,239470
18-07-2012,284707
18-07-2013,267438
18-07-2014,487405
18-07-2015,620441
18-07-2016,635296
18-07-2017,540192
18-07-2018,763353
18-07-2019,755984
18-07-2020,134137
18-08-2009,263608
18-08-2010,247698
18-08-2011,255760
18-08-2012,237582
18-08-2013,172488
18-08-2014,400047
18-08-2015,497840
18-08-2016,685000
18-08-2017,617533
18-08-2018,625057
18-08-2019,568923
18-08-2020,105484
18-09-2009,320215
18-09-2010,202070
18-09-2011,163477
18-09-2012,248112
18-09-2013,354191
18-09-2014,445269
18-09-2015,690363
18-09-2016,446666
18-09-2017,603385
18-09-2018,745728
18-09-2019,755497
18-09-2020,134425
18-10-2009,172549
18-10-2010,247934
18-10-2011,255645
18-10-2012,312189
18-10-2013,548630
18-10-2014,441406
18-10-2015,503192
18-10-2016,519380
18-10-2017,677324
18-10-2018,733057
18-10-2019,952819
18-10-2020,129324
18-11-2009,297302
18-11-2010,258074
18-11-2011,301296
18-11-2012,214420
18-11-2013,514034
18-11-2014,505522
18-11-2015,686578
18-11-2016,698643
18-11-2017,656106
18-11-2018,634147
18-11-2019,844785
18-11-2020,313407
18-12-2009,367505
18-12-2010,206145
18-12-2011,183492
18-12-2012,341889
18-12-2013,535066
18-12-2014,505133
18-12-2015,729509
18-12-2016,504656
18-12-2017,764671
18-12-2018,772259
18-12-2019,866384
18-12-2020,572248
19-01-2010,286396
19-01-2011,285213
19-01-2012,334075
19-01-2013,258919
19-01-2014,411870
19-01-2015,528505
19-01-2016,653133
19-01-2017,620063
19-01-2018,723380
19-01-2019,670861
19-01-2020,641021
19-01-2021,408635
19-02-2010,337402
19-02-2011,213265
19-02-2012,225945
19-02-2013,264660
19-02-2014,497484
19-02-2015,641733
19-02-2016,736845
19-02-2017,451979
19-02-2018,759345
19-02-2019,715682
19-02-2020,795921
19-02-2021,371451
19-03-2010,334247
19-03-2011,220222
19-03-2012,321107
19-03-2013,298646
19-03-2014,524405
19-03-2015,623515
19-03-2016,625400
19-03-2017,425861
19-03-2018,754464
19-03-2019,761115
19-03-2020,455613
19-03-2021,581267
19-04-2010,271477
19-04-2011,301214
19-04-2012,326976
19-04-2013,347137
19-04-2014,487445
19-04-2015,387304
19-04-2016,699771
19-04-2017,580933
19-04-2018,814806
19-04-2019,689807
19-04-2020,132400
19-04-2021,461632
19-05-2009,274663
19-05-2010,277155
19-05-2011,271577
19-05-2012,258617
19-05-2013,201812
19-05-2014,444757
19-05-2015,535738
19-05-2016,667355
19-05-2017,616429
19-05-2018,668033
19-05-2019,530895
19-05-2020,206803
19-05-2021,337444
19-06-2009,316792
19-06-2010,221451
19-06-2011,167518
19-06-2012,279729
19-06-2013,254031
19-06-2014,473161
19-06-2015,693785
19-06-2016,447823
19-06-2017,508138
19-06-2018,682511
19-06-2019,710708
19-06-2020,352116
19-07-2009,203494
19-07-2010,264962
19-07-2011,248480
19-07-2012,301547
19-07-2013,298499
19-07-2014,407153
19-07-2015,477802
19-07-2016,625272
19-07-2017,555027
19-07-2018,725351
19-07-2019,902692
19-07-2020,118789
19-08-2009,278080
19-08-2010,271429
19-08-2011,309866
19-08-2012,205832
19-08-2013,241327
19-08-2014,434950
19-08-2015,555653
19-08-2016,637766
19-08-2017,559997
19-08-2018,496016
19-08-2019,723336
19-08-2020,88247
19-09-2009,198912
19-09-2010,172564
19-09-2011,252278
19-09-2012,269559
19-09-2013,386505
19-09-2014,515337
19-09-2015,578018
19-09-2016,655191
19-09-2017,645505
19-09-2018,768576
19-09-2019,774466
19-09-2020,147970
19-10-2009,263115
19-10-2010,261770
19-10-2011,265828
19-10-2012,356468
19-10-2013,414553
19-10-2014,379097
19-10-2015,578945
19-10-2016,583126
19-10-2017,631220
19-10-2018,853431
19-10-2019,690292
19-10-2020,168411
19-11-2009,290554
19-11-2010,324687
19-11-2011,182062
19-11-2012,301145
19-11-2013,509290
19-11-2014,538168
19-11-2015,696855
19-11-2016,603565
19-11-2017,650402
19-11-2018,650635
19-11-2019,875345
19-11-2020,300283
19-12-2009,235314
19-12-2010,149666
19-12-2011,288630
19-12-2012,328833
19-12-2013,460037
19-12-2014,582335
19-12-2015,483554
19-12-2016,641861
19-12-2017,707022
19-12-2018,794461
19-12-2019,949898
19-12-2020,599961
20-01-2010,304682
20-01-2011,297156
20-01-2012,340642
20-01-2013,219587
20-01-2014,493019
20-01-2015,565802
20-01-2016,698114
20-01-2017,642266
20-01-2018,748664
20-01-2019,542220
20-01-2020,705198
20-01-2021,462693
20-02-2010,223760
20-02-2011,171000
20-02-2012,298807
20-02-2013,311402
20-02-2014,516173
20-02-2015,696494
20-02-2016,885831
20-02-2017,543044
20-02-2018,796056
20-02-2019,749110
20-02-2020,906567
20-02-2021,435862
20-03-2010,258551
20-03-2011,190046
20-03-2012,316035
20-03-2013,303027
20-03-2014,534601
20-03-2015,692880
20-03-2016,646783
20-03-2017,511016
20-03-2018,767316
20-03-2019,771572
20-03-2020,443190
20-03-2021,582152
20-04-2010,276696
20-04-2011,290243
20-04-2012,366536
20-04-2013,293365
20-04-2014,396435
20-04-2015,554574
20-04-2016,718849
20-04-2017,622035
20-04-2018,917216
20-04-2019,802371
20-04-2020,137402
20-04-2021,402606
20-05-2009,275909
20-05-2010,282155
20-05-2011,317100
20-05-2012,200102
20-05-2013,247618
20-05-2014,447409
20-05-2015,564353
20-05-2016,821240
20-05-2017,550704
20-05-2018,482905
20-05-2019,666502
20-05-2020,212677
20-05-2021,333437
20-06-2009,203292
20-06-2010,157969
20-06-2011,240981
20-06-2012,270540
20-06-2013,269390
20-06-2014,555487
20-06-2015,553100
20-06-2016,522406
20-06-2017,542160
20-06-2018,706399
20-06-2019,715860
20-06-2020,369257
20-07-2009,263866
20-07-2010,256651
20-07-2011,252098
20-07-2012,349569
20-07-2013,183197
20-07-2014,355669
20-07-2015,572470
20-07-2016,683684
20-07-2017,547041
20-07-2018,844692
20-07-2019,710178
20-07-2020,140749
20-08-2009,274759
20-08-2010,312054
20-08-2011,215947
20-08-2012,272274
20-08-2013,241717
20-08-2014,464615
20-08-2015,581304
20-08-2016,582975
20-08-2017,515892
20-08-2018,662631
20-08-2019,757905
20-08-2020,104583
20-09-2009,178683
20-09-2010,264062
20-09-2011,240655
20-09-2012,306868
20-09-2013,454608
20-09-2014,405300
20-09-2015,494670
20-09-2016,683102
20-09-2017,682738
20-09-2018,822055
20-09-2019,952824
20-09-2020,129662
20-10-2009,268011
20-10-2010,277154
20-10-2011,264885
20-10-2012,264922
20-10-2013,338062
20-10-2014,487254
20-10-2015,568350
20-10-2016,620526
20-10-2017,781822
20-10-2018,581094
20-10-2019,589576
20-10-2020,184648
20-11-2009,325593
20-11-2010,217331
20-11-2011,187988
20-11-2012,306046
20-11-2013,471577
20-11-2014,493761
20-11-2015,692160
20-11-2016,489189
20-11-2017,714372
20-11-2018,612966
20-11-2019,923790
20-11-2020,397150
20-12-2009,216741
20-12-2010,274241
20-12-2011,334042
20-12-2012,360645
20-12-2013,576308
20-12-2014,465695
20-12-2015,432209
20-12-2016,658083
20-12-2017,823697
20-12-2018,808204
20-12-2019,743775
20-12-2020,539991
21-01-2010,306241
21-01-2011,309621
21-01-2012,246365
21-01-2013,296758
21-01-2014,517377
21-01-2015,586215
21-01-2016,720653
21-01-2017,539631
21-01-2018,607319
21-01-2019,663293
21-01-2020,930068
21-01-2021,425539
21-02-2010,201654
21-02-2011,240156
21-02-2012,311675
21-02-2013,297047
21-02-2014,554490
21-02-2015,711394
21-02-2016,721722
21-02-2017,587453
21-02-2018,801724
21-02-2019,751133
21-02-2020,910750
21-02-2021,357956
21-03-2010,235109
21-03-2011,260459
21-03-2012,278404
21-03-2013,293135
21-03-2014,570824
21-03-2015,577248
21-03-2016,712722
21-03-2017,506996
21-03-2018,821836
21-03-2019,816834
21-03-2020,300313
21-03-2021,345215
21-04-2010,286697
21-04-2011,322905
21-04-2012,274419
21-04-2013,210884
21-04-2014,369599
21-04-2015,556354
21-04-2016,661643
21-04-2017,611644
21-04-2018,760740
21-04-2019,662358
21-04-2020,153021
21-04-2021,529572
21-05-2009,277363
21-05-2010,341441
21-05-2011,254220
21-05-2012,285309
21-05-2013,278707
21-05-2014,495897
21-05-2015,564108
21-05-2016,676442
21-05-2017,425269
21-05-2018,642220
21-05-2019,719499
21-05-2020,180951
21-05-2021,406149
21-06-2009,165417
21-06-2010,248160
21-06-2011,231844
21-06-2012,267276
21-06-2013,301243
21-06-2014,464194
21-06-2015,449758
21-06-2016,592111
21-06-2017,531468
21-06-2018,720637
21-06-2019,840373
21-06-2020,242993
21-07-2009,266470
21-07-2010,280382
21-07-2011,253675
21-07-2012,266543
21-07-2013,210726
21-07-2014,438200
21-07-2015,590831
21-07-2016,678339
21-07-2017,681935
21-07-2018,691067
21-07-2019,569077
21-07-2020,153368
21-08-2009,305432
21-08-2010,209043
21-08-2011,179975
21-08-2012,279558
21-08-2013,253479
21-08-2014,482197
21-08-2015,640856
21-08-2016,462621
21-08-2017,524362
21-08-2018,687686
21-08-2019,794772
21-08-2020,107036
21-09-2009,274043
21-09-2010,270119
21-09-2011,263184
21-09-2012,335469
21-09-2013,350803
21-09-2014,364105
21-09-2015,543834
21-09-2016,643293
21-09-2017,693047
21-09-2018,954671
21-09-2019,566683
21-09-2020,131873
21-10-2009,263946
21-10-2010,293501
21-10-2011,298253
21-10-2012,189805
21-10-2013,363949
21-10-2014,490436
21-10-2015,538916
21-10-2016,578488
21-10-2017,562875
21-10-2018,557171
21-10-2019,794146
21-10-2020,179286
21-11-2009,218332
21-11-2010,186810
21-11-2011,271857
21-11-2012,297569
21-11-2013,528087
21-11-2014,593266
21-11-2015,566248
21-11-2016,526122
21-11-2017,745748
21-11-2018,693842
21-11-2019,826092
21-11-2020,489118
21-12-2009,322879
21-12-2010,298678
21-12-2011,342220
21-12-2012,369477
21-12-2013,482956
21-12-2014,391600
21-12-2015,702929
21-12-2016,716383
21-12-2017,886626
21-12-2018,743875
21-12-2019,747902
21-12-2020,464319
22-01-2010,313882
22-01-2011,224876
22-01-2012,203911
22-01-2013,309211
22-01-2014,553006
22-01-2015,562570
22-01-2016,702372
22-01-2017,445390
22-01-2018,749950
22-01-2019,686543
22-01-2020,863529
22-01-2021,495562
22-02-2010,278903
22-02-2011,260764
22-02-2012,324497
22-02-2013,337360
22-02-2014,666742
22-02-2015,703631
22-02-2016,633825
22-02-2017,586389
22-02-2018,819283
22-02-2019,865191
22-02-2020,746653
22-02-2021,321433
22-03-2010,283585
22-03-2011,266800
22-03-2012,326323
22-03-2013,339984
22-03-2014,438224
22-03-2015,555312
22-03-2016,695215
22-03-2017,528266
22-03-2018,880262
22-03-2019,895318
22-03-2020,225833
22-03-2021,376305
22-04-2010,292666
22-04-2011,176744
22-04-2012,198012
22-04-2013,270541
22-04-2014,415935
22-04-2015,570779
22-04-2016,792029
22-04-2017,556652
22-04-2018,625226
22-04-2019,531714
22-04-2020,148798
22-04-2021,536010
22-05-2009,356849
22-05-2010,239443
22-05-2011,167542
22-05-2012,284175
22-05-2013,278887
22-05-2014,494712
22-05-2015,671844
22-05-2016,472177
22-05-2017,530489
22-05-2018,660529
22-05-2019,743855
22-05-2020,237926
22-05-2021,443587
22-06-2009,258933
22-06-2010,256329
22-06-2011,251213
22-06-2012,307503
22-06-2013,220923
22-06-2014,374281
22-06-2015,530660
22-06-2016,616462
22-06-2017,559088
22-06-2018,782598
22-06-2019,630400
22-06-2020,239458
22-07-2009,258388
22-07-2010,269454
22-07-2011,310409
22-07-2012,200005
22-07-2013,254452
22-07-2014,441296
22-07-2015,588069
22-07-2016,726369
22-07-2017,495025
22-07-2018,574913
22-07-2019,737444
22-07-2020,146985
22-08-2009,221476
22-08-2010,181189
22-08-2011,250137
22-08-2012,284676
22-08-2013,261277
22-08-2014,588661
22-08-2015,555865
22-08-2016,542477
22-08-2017,588137
22-08-2018,714907
22-08-2019,954658
22-08-2020,61691
22-09-2009,275983
22-09-2010,289963
22-09-2011,276836
22-09-2012,276216
22-09-2013,302125
22-09-2014,471066
22-09-2015,581181
22-09-2016,660788
22-09-2017,811585
22-09-2018,720962
22-09-2019,514555
22-09-2020,125706
22-10-2009,278453
22-10-2010,329109
22-10-2011,187168
22-10-2012,288237
22-10-2013,397463
22-10-2014,477586
22-10-2015,572714
22-10-2016,448476
22-10-2017,505697
22-10-2018,695561
22-10-2019,853214
22-10-2020,197031
22-11-2009,151614
22-11-2010,266632
22-11-2011,271886
22-11-2012,319160
22-11-2013,600024
22-11-2014,436209
22-11-2015,499809
22-11-2016,525429
22-11-2017,762627
22-11-2018,693101
22-11-2019,982851
22-11-2020,309849
22-12-2009,324479
22-12-2010,323928
22-12-2011,375631
22-12-2012,270724
22-12-2013,424910
22-12-2014,500078
22-12-2015,744859
22-12-2016,730382
22-12-2017,861717
22-12-2018,671686
22-12-2019,743645
22-12-2020,403194
23-01-2010,221155
23-01-2011,188381
23-01-2012,299047
23-01-2013,319303
23-01-2014,520446
23-01-2015,647374
23-01-2016,613211
23-01-2017,514257
23-01-2018,798371
23-01-2019,728564
23-01-2020,863262
23-01-2021,501466
23-02-2010,307387
23-02-2011,273842
23-02-2012,326632
23-02-2013,343713
23-02-2014,516114
23-02-2015,546358
23-02-2016,625435
23-02-2017,609664
23-02-2018,868880
23-02-2019,682938
23-02-2020,596945
23-02-2021,353784
23-03-2010,289909
23-03-2011,277882
23-03-2012,324782
23-03-2013,261155
23-03-2014,366634
23-03-2015,536966
23-03-2016,698421
23-03-2017,606242
23-03-2018,930496
23-03-2019,697991
23-03-2020,301095
23-03-2021,430609
23-04-2010,307925
23-04-2011,252626
23-04-2012,282277
23-04-2013,289793
23-04-2014,491343
23-04-2015,602834
23-04-2016,654288
23-04-2017,490646
23-04-2018,727523
23-04-2019,726723
23-04-2020,148066
23-04-2021,615962
23-05-2009,228679
23-05-2010,184489
23-05-2011,249107
23-05-2012,308623
23-05-2013,292691
23-05-2014,552430
23-05-2015,544407
23-05-2016,611441
23-05-2017,532285
23-05-2018,686909
23-05-2019,761547
23-05-2020,191495
23-05-2021,333711
23-06-2009,247957
23-06-2010,265816
23-06-2011,273808
23-06-2012,239193
23-06-2013,168296
23-06-2014,434426
23-06-2015,571451
23-06-2016,567242
23-06-2017,623355
23-06-2018,596411
23-06-2019,487369
23-06-2020,287369
23-07-2009,279456
23-07-2010,325915
23-07-2011,204347
23-07-2012,276541
23-07-2013,259569
23-07-2014,472324
23-07-2015,645141
23-07-2016,589744
23-07-2017,405805
23-07-2018,659710
23-07-2019,707541
23-07-2020,141065
23-08-2009,177138
23-08-2010,251561
23-08-2011,257535
23-08-2012,286620
23-08-2013,308104
23-08-2014,484515
23-08-2015,428762
23-08-2016,654375
23-08-2017,559107
23-08-2018,741266
23-08-2019,1149216
23-08-2020,82080
23-09-2009,287330
23-09-2010,292511
23-09-2011,292731
23-09-2012,193199
23-09-2013,423410
23-09-2014,505405
23-09-2015,608995
23-09-2016,816853
23-09-2017,674681
23-09-2018,567997
23-09-2019,675055
23-09-2020,121981
23-10-2009,318026
23-10-2010,188639
23-10-2011,172973
23-10-2012,308117
23-10-2013,407646
23-10-2014,473194
23-10-2015,682460
23-10-2016,423038
23-10-2017,661345
23-10-2018,684749
23-10-2019,890755
23-10-2020,182863
23-11-2009,285109
23-11-2010,268855
23-11-2011,276137
23-11-2012,358661
23-11-2013,435224
23-11-2014,390156
23-11-2015,641411
23-11-2016,591795
23-11-2017,773689
23-11-2018,715101
23-11-2019,802003
23-11-2020,261242
23-12-2009,305719
23-12-2010,308237
23-12-2011,366980
23-12-2012,218288
23-12-2013,516963
23-12-2014,492340
23-12-2015,755818
23-12-2016,688455
23-12-2017,661876
23-12-2018,678706
23-12-2019,879107
23-12-2020,578815
24-01-2010,212749
24-01-2011,264527
24-01-2012,291673
24-01-2013,291679
24-01-2014,502560
24-01-2015,551271
24-01-2016,560510
24-01-2017,567696
24-01-2018,830641
24-01-2019,608765
24-01-2020,995450
24-01-2021,349652
24-02-2010,301454
24-02-2011,278628
24-02-2012,345911
24-02-2013,261596
24-02-2014,481897
24-02-2015,614174
24-02-2016,670560
24-02-2017,632265
24-02-2018,680753
24-02-2019,593468
24-02-2020,753323
24-02-2021,379893
24-03-2010,304393
24-03-2011,276605
24-03-2012,223178
24-03-2013,267772
24-03-2014,453893
24-03-2015,548713
24-03-2016,743790
24-03-2017,678432
24-03-2018,667281
24-03-2019,597902
24-03-2020,222804
24-03-2021,452898
24-04-2010,221266
24-04-2011,221930
24-04-2012,291141
24-04-2013,316469
24-04-2014,523432
24-04-2015,687369
24-04-2016,620641
24-04-2017,584798
24-04-2018,798050
24-04-2019,798510
24-04-2020,172623
24-04-2021,609250
24-05-2009,175585
24-05-2010,254993
24-05-2011,248020
24-05-2012,306013
24-05-2013,345736
24-05-2014,454794
24-05-2015,418867
24-05-2016,662503
24-05-2017,553415
24-05-2018,721149
24-05-2019,787885
24-05-2020,220919
24-05-2021,284462
24-06-2009,272815
24-06-2010,278128
24-06-2011,328334
24-06-2012,191742
24-06-2013,249635
24-06-2014,405725
24-06-2015,600935
24-06-2016,649802
24-06-2017,502193
24-06-2018,515456
24-06-2019,663138
24-06-2020,287822
24-07-2009,322357
24-07-2010,234052
24-07-2011,147575
24-07-2012,287761
24-07-2013,331038
24-07-2014,439835
24-07-2015,780257
24-07-2016,571103
24-07-2017,577529
24-07-2018,688894
24-07-2019,788301
24-07-2020,153554
24-08-2009,246207
24-08-2010,243022
24-08-2011,268797
24-08-2012,330491
24-08-2013,234090
24-08-2014,339580
24-08-2015,513507
24-08-2016,626727
24-08-2017,599851
24-08-2018,874751
24-08-2019,941789
24-08-2020,102968
24-09-2009,282947
24-09-2010,381839
24-09-2011,197981
24-09-2012,290530
24-09-2013,429848
24-09-2014,450137
24-09-2015,654599
24-09-2016,607646
24-09-2017,510931
24-09-2018,791376
24-09-2019,730663
24-09-2020,132400
24-10-2009,224457
24-10-2010,169805
24-10-2011,226826
24-10-2012,293067
24-10-2013,447106
24-10-2014,556475
24-10-2015,543271
24-10-2016,570076
24-10-2017,667831
24-10-2018,707097
24-10-2019,849250
24-10-2020,143054
24-11-2009,304982
24-11-2010,257270
24-11-2011,309740
24-11-2012,249974
24-11-2013,376896
24-11-2014,398927
24-11-2015,653772
24-11-2016,628981
24-11-2017,912074
24-11-2018,632925
24-11-2019,704113
24-11-2020,316024
24-12-2009,243638
24-12-2010,269123
24-12-2011,216597
24-12-2012,258155
24-12-2013,527003
24-12-2014,472702
24-12-2015,601562
24-12-2016,444984
24-12-2017,637262
24-12-2018,604377
24-12-2019,812729
24-12-2020,505150
25-01-2010,287377
25-01-2011,285320
25-01-2012,323619
25-01-2013,319329
25-01-2014,432096
25-01-2015,483016
25-01-2016,675173
25-01-2017,632096
25-01-2018,844248
25-01-2019,574081
25-01-2020,804121
25-01-2021,333906
25-02-2010,308987
25-02-2011,308845
25-02-2012,219107
25-02-2013,277128
25-02-2014,469893
25-02-2015,639207
25-02-2016,691181
25-02-2017,533816
25-02-2018,628743
25-02-2019,712468
25-02-2020,799583
25-02-2021,384275
25-03-2010,320234
25-03-2011,318894
25-03-2012,214404
25-03-2013,300620
25-03-2014,489014
25-03-2015,618004
25-03-2016,579290
25-03-2017,538991
25-03-2018,639986
25-03-2019,693563
25-03-2020,187953
25-03-2021,508271
25-04-2010,262458
25-04-2011,249250
25-04-2012,203565
25-04-2013,282374
25-04-2014,562071
25-04-2015,617257
25-04-2016,593911
25-04-2017,416005
25-04-2018,684714
25-04-2019,653649
25-04-2020,148266
25-04-2021,523112
25-05-2009,245472
25-05-2010,253637
25-05-2011,257259
25-05-2012,292330
25-05-2013,270029
25-05-2014,372289
25-05-2015,537110
25-05-2016,618063
25-05-2017,558028
25-05-2018,832419
25-05-2019,596920
25-05-2020,235486
25-05-2021,269120
25-06-2009,277850
25-06-2010,288164
25-06-2011,225578
25-06-2012,265999
25-06-2013,273729
25-06-2014,470706
25-06-2015,610346
25-06-2016,581475
25-06-2017,385792
25-06-2018,642469
25-06-2019,686634
25-06-2020,276787
25-07-2009,225167
25-07-2010,199655
25-07-2011,236741
25-07-2012,294361
25-07-2013,287316
25-07-2014,511389
25-07-2015,604165
25-07-2016,601066
25-07-2017,575038
25-07-2018,782802
25-07-2019,800217
25-07-2020,137900
25-08-2009,233726
25-08-2010,248275
25-08-2011,260038
25-08-2012,229378
25-08-2013,184170
25-08-2014,426633
25-08-2015,526970
25-08-2016,638187
25-08-2017,723943
25-08-2018,716483
25-08-2019,633063
25-08-2020,108032
25-09-2009,337387
25-09-2010,193999
25-09-2011,181610
25-09-2012,311236
25-09-2013,455473
25-09-2014,500892
25-09-2015,745368
25-09-2016,499081
25-09-2017,633979
25-09-2018,797216
25-09-2019,775666
25-09-2020,106901
25-10-2009,166288
25-10-2010,261602
25-10-2011,251743
25-10-2012,298057
25-10-2013,513394
25-10-2014,480434
25-10-2015,467092
25-10-2016,604235
25-10-2017,672694
25-10-2018,753508
25-10-2019,857501
25-10-2020,164891
25-11-2009,306437
25-11-2010,259715
25-11-2011,323270
25-11-2012,214065
25-11-2013,495999
25-11-2014,488237
25-11-2015,652086
25-11-2016,703727
25-11-2017,690502
25-11-2018,572673
25-11-2019,806101
25-11-2020,340384
25-12-2009,111077
25-12-2010,109545
25-12-2011,93268
25-12-2012,133751
25-12-2013,288117
25-12-2014,263831
25-12-2015,354165
25-12-2016,308541
25-12-2017,481360
25-12-2018,425283
25-12-2019,526177
25-12-2020,332150
26-01-2010,232994
26-01-2011,206429
26-01-2012,242734
26-01-2013,277079
26-01-2014,562646
26-01-2015,583404
26-01-2016,705826
26-01-2017,512310
26-01-2018,670479
26-01-2019,611883
26-01-2020,742737
26-01-2021,393661
26-02-2010,327007
26-02-2011,204109
26-02-2012,177777
26-02-2013,286718
26-02-2014,503228
26-02-2015,631904
26-02-2016,770028
26-02-2017,482188
26-02-2018,789690
26-02-2019,769727
26-02-2020,885189
26-02-2021,441639
26-03-2010,348629
26-03-2011,232627
26-03-2012,294178
26-03-2013,326491
26-03-2014,504123
26-03-2015,617469
26-03-2016,624207
26-03-2017,422543
26-03-2018,733254
26-03-2019,758210
26-03-2020,187395
26-03-2021,594323
26-04-2010,171670
26-04-2011,185345
26-04-2012,306163
26-04-2013,333351
26-04-2014,413082
26-04-2015,402903
26-04-2016,655080
26-04-2017,518284
26-04-2018,749539
26-04-2019,711492
26-04-2020,129543
26-04-2021,459015
26-05-2009,269387
26-05-2010,273553
26-05-2011,268269
26-05-2012,227686
26-05-2013,194078
26-05-2014,436970
26-05-2015,554730
26-05-2016,615087
26-05-2017,639163
26-05-2018,666887
26-05-2019,511598
26-05-2020,240028
26-05-2021,247057
26-06-2009,321819
26-06-2010,193794
26-06-2011,168296
26-06-2012,281133
26-06-2013,280231
26-06-2014,482727
26-06-2015,684873
26-06-2016,471132
26-06-2017,496982
26-06-2018,660715
26-06-2019,758899
26-06-2020,320547
26-07-2009,183672
26-07-2010,268340
26-07-2011,252443
26-07-2012,295746
26-07-2013,320331
26-07-2014,396314
26-07-2015,510636
26-07-2016,630216
26-07-2017,596492
26-07-2018,771363
26-07-2019,833216
26-07-2020,117338
26-08-2009,256443
26-08-2010,264574
26-08-2011,296306
26-08-2012,196610
26-08-2013,258105
26-08-2014,465856
26-08-2015,551127
26-08-2016,766552
26-08-2017,633871
26-08-2018,548711
26-08-2019,757644
26-08-2020,110685
26-09-2009,196800
26-09-2010,194167
26-09-2011,268508
26-09-2012,328994
26-09-2013,412390
26-09-2014,655443
26-09-2015,610241
26-09-2016,618782
26-09-2017,722429
26-09-2018,873124
26-09-2019,924169
26-09-2020,120614
26-10-2009,264473
26-10-2010,259491
26-10-2011,293286
26-10-2012,323970
26-10-2013,397610
26-10-2014,405228
26-10-2015,508264
26-10-2016,556234
26-10-2017,700640
26-10-2018,903895
26-10-2019,613391
26-10-2020,171577
26-11-2009,287982
26-11-2010,289901
26-11-2011,165579
26-11-2012,293318
26-11-2013,511339
26-11-2014,488243
26-11-2015,628438
26-11-2016,596664
26-11-2017,607425
26-11-2018,717797
26-11-2019,777190
26-11-2020,353597
26-12-2009,302076
26-12-2010,262828
26-12-2011,311733
26-12-2012,319369
26-12-2013,543784
26-12-2014,453789
26-12-2015,598849
26-12-2016,499610
26-12-2017,751337
26-12-2018,699616
26-12-2019,856341
26-12-2020,578967
27-01-2010,286752
27-01-2011,276065
27-01-2012,305993
27-01-2013,226663
27-01-2014,277523
27-01-2015,506995
27-01-2016,627095
27-01-2017,587002
27-01-2018,624019
27-01-2019,466883
27-01-2020,543482
27-01-2021,434648
27-02-2010,219026
27-02-2011,158196
27-02-2012,287988
27-02-2013,300958
27-02-2014,532144
27-02-2015,698009
27-02-2016,641641
27-02-2017,565819
27-02-2018,795378
27-02-2019,805508
27-02-2020,858469
27-02-2021,468643
27-03-2010,246831
27-03-2011,194870
27-03-2012,319432
27-03-2013,308255
27-03-2014,510618
27-03-2015,699092
27-03-2016,558092
27-03-2017,491361
27-03-2018,757793
27-03-2019,794904
27-03-2020,185253
27-03-2021,593746
27-04-2010,263914
27-04-2011,261954
27-04-2012,346258
27-04-2013,269907
27-04-2014,349628
27-04-2015,519381
27-04-2016,672944
27-04-2017,534711
27-04-2018,827569
27-04-2019,629064
27-04-2020,156664
27-04-2021,500694
27-05-2009,267609
27-05-2010,275796
27-05-2011,311280
27-05-2012,182970
27-05-2013,259772
27-05-2014,445680
27-05-2015,577867
27-05-2016,764344
27-05-2017,511893
27-05-2018,526309
27-05-2019,636803
27-05-2020,236249
27-05-2021,225095
27-06-2009,214704
27-06-2010,169714
27-06-2011,249209
27-06-2012,299977
27-06-2013,285362
27-06-2014,524441
27-06-2015,556124
27-06-2016,569997
27-06-2017,507611
27-06-2018,686707
27-06-2019,792935
27-06-2020,324347
27-07-2009,262116
27-07-2010,264960
27-07-2011,269005
27-07-2012,336678
27-07-2013,241748
27-07-2014,388683
27-07-2015,542400
27-07-2016,662617
27-07-2017,608917
27-07-2018,925677
27-07-2019,771097
27-07-2020,131252
27-08-2009,279084
27-08-2010,304553
27-08-2011,205833
27-08-2012,274525
27-08-2013,259127
27-08-2014,485687
27-08-2015,545685
27-08-2016,627006
27-08-2017,437941
27-08-2018,689947
27-08-2019,758238
27-08-2020,106522
27-09-2009,141731
27-09-2010,254270
27-09-2011,269921
27-09-2012,341614
27-09-2013,580312
27-09-2014,421524
27-09-2015,528627
27-09-2016,658744
27-09-2017,749021
27-09-2018,919875
27-09-2019,564241
27-09-2020,138352
27-10-2009,274087
27-10-2010,263586
27-10-2011,281273
27-10-2012,225292
27-10-2013,359439
27-10-2014,404092
27-10-2015,583522
27-10-2016,603235
27-10-2017,874039
27-10-2018,611653
27-10-2019,542059
27-10-2020,177267
27-11-2009,348875
27-11-2010,168086
27-11-2011,186972
27-11-2012,277079
27-11-2013,517222
27-11-2014,510558
27-11-2015,775820
27-11-2016,472314
27-11-2017,743658
27-11-2018,716919
27-11-2019,885819
27-11-2020,456912
27-12-2009,220745
27-12-2010,207220
27-12-2011,240594
27-12-2012,253004
27-12-2013,504690
27-12-2014,406971
27-12-2015,577904
27-12-2016,459541
27-12-2017,642740
27-12-2018,537044
27-12-2019,796947
27-12-2020,385422
28-01-2010,293822
28-01-2011,305280
28-01-2012,218233
28-01-2013,185348
28-01-2014,387383
28-01-2015,554508
28-01-2016,632468
28-01-2017,533550
28-01-2018,448126
28-01-2019,365396
28-01-2020,789363
28-01-2021,412794
28-02-2010,171477
28-02-2011,257403
28-02-2012,309776
28-02-2013,314491
28-02-2014,596327
28-02-2015,515919
28-02-2016,591838
28-02-2017,585790
28-02-2018,793956
28-02-2019,774227
28-02-2020,1008015
28-02-2021,384003
28-03-2010,196084
28-03-2011,269896
28-03-2012,321235
28-03-2013,338768
28-03-2014,617068
28-03-2015,620811
28-03-2016,481791
28-03-2017,555793
28-03-2018,775671
28-03-2019,848557
28-03-2020,145835
28-03-2021,493622
28-04-2010,286145
28-04-2011,277185
28-04-2012,236388
28-04-2013,192358
28-04-2014,439084
28-04-2015,536691
28-04-2016,706881
28-04-2017,636174
28-04-2018,688453
28-04-2019,466192
28-04-2020,157524
28-04-2021,548247
28-05-2009,269571
28-05-2010,317504
28-05-2011,213050
28-05-2012,264946
28-05-2013,273990
28-05-2014,472975
28-05-2015,598827
28-05-2016,565827
28-05-2017,361337
28-05-2018,651129
28-05-2019,692927
28-05-2020,243175
28-05-2021,88513
28-06-2009,185228
28-06-2010,257562
28-06-2011,255603
28-06-2012,303978
28-06-2013,326626
28-06-2014,392779
28-06-2015,457401
28-06-2016,647604
28-06-2017,519149
28-06-2018,687444
28-06-2019,889613
28-06-2020,270759
28-07-2009,264582
28-07-2010,268078
28-07-2011,270212
28-07-2012,253572
28-07-2013,175293
28-07-2014,410537
28-07-2015,577472
28-07-2016,689170
28-07-2017,757744
28-07-2018,780501
28-07-2019,675054
28-07-2020,148614
28-08-2009,317455
28-08-2010,232028
28-08-2011,169067
28-08-2012,287567
28-08-2013,263809
28-08-2014,492198
28-08-2015,720700
28-08-2016,511846
28-08-2017,588781
28-08-2018,720891
28-08-2019,673163
28-08-2020,125521
28-09-2009,263642
28-09-2010,276336
28-09-2011,235329
28-09-2012,347651
28-09-2013,360690
28-09-2014,381636
28-09-2015,633387
28-09-2016,731979
28-09-2017,741544
28-09-2018,649481
28-09-2019,586258
28-09-2020,141592
28-10-2009,275232
28-10-2010,291656
28-10-2011,287300
28-10-2012,221222
28-10-2013,406714
28-10-2014,453418
28-10-2015,583618
28-10-2016,684156
28-10-2017,672376
28-10-2018,524680
28-10-2019,767990
28-10-2020,311278
28-11-2009,222567
28-11-2010,148270
28-11-2011,269670
28-11-2012,324274
28-11-2013,445868
28-11-2014,562146
28-11-2015,651564
28-11-2016,641418
28-11-2017,763721
28-11-2018,725205
28-11-2019,941384
28-11-2020,481376
28-12-2009,217029
28-12-2010,229265
28-12-2011,274576
28-12-2012,272066
28-12-2013,384444
28-12-2014,355619
28-12-2015,578703
28-12-2016,505524
28-12-2017,647191
28-12-2018,592544
28-12-2019,707433
28-12-2020,473046
29-01-2010,313772
29-01-2011,195917
29-01-2012,181740
29-01-2013,273203
29-01-2014,475406
29-01-2015,549153
29-01-2016,680938
29-01-2017,482085
29-01-2018,534994
29-01-2019,585109
29-01-2020,769773
29-01-2021,352985
29-02-2012,329337
29-02-2016,676451
29-02-2020,793912
29-03-2010,283260
29-03-2011,279689
29-03-2012,349346
29-03-2013,200241
29-03-2014,502249
29-03-2015,599990
29-03-2016,641119
29-03-2017,546584
29-03-2018,832049
29-03-2019,838483
29-03-2020,106605
29-03-2021,421278
29-04-2010,291355
29-04-2011,294355
29-04-2012,190327
29-04-2013,284150
29-04-2014,414508
29-04-2015,580872
29-04-2016,742317
29-04-2017,507620
29-04-2018,560039
29-04-2019,702589
29-04-2020,113181
29-04-2021,525603
29-05-2009,327581
29-05-2010,205459
29-05-2011,176311
29-05-2012,276052
29-05-2013,279280
29-05-2014,494174
29-05-2015,658994
29-05-2016,498899
29-05-2017,494117
29-05-2018,677600
29-05-2019,648699
29-05-2020,269224
29-05-2021,88814
29-06-2009,265076
29-06-2010,246128
29-06-2011,266890
29-06-2012,339664
29-06-2013,249494
29-06-2014,274414
29-06-2015,581072
29-06-2016,684755
29-06-2017,464468
29-06-2018,791748
29-06-2019,565418
29-06-2020,275117
29-07-2009,277028
29-07-2010,284369
29-07-2011,320715
29-07-2012,205981
29-07-2013,258102
29-07-2014,398977
29-07-2015,582154
29-07-2016,780026
29-07-2017,558579
29-07-2018,604285
29-07-2019,756779
29-07-2020,152917
29-08-2009,198426
29-08-2010,189025
29-08-2011,248120
29-08-2012,287963
29-08-2013,260611
29-08-2014,571123
29-08-2015,500014
29-08-2016,610634
29-08-2017,584852
29-08-2018,762701
29-08-2019,770434
29-08-2020,131795
29-09-2009,305426
29-09-2010,297729
29-09-2011,254388
29-09-2012,226248
29-09-2013,334994
29-09-2014,509644
29-09-2015,653089
29-09-2016,719781
29-09-2017,629526
29-09-2018,656503
29-09-2019,508293
29-09-2020,148067
29-10-2009,293822
29-10-2010,332149
29-10-2011,182712
29-10-2012,303945
29-10-2013,437542
29-10-2014,474988
29-10-2015,610892
29-10-2016,538461
29-10-2017,549042
29-10-2018,691044
29-10-2019,811981
29-10-2020,263334
29-11-2009,185837
29-11-2010,256492
29-11-2011,270434
29-11-2012,286308
29-11-2013,537970
29-11-2014,445817
29-11-2015,527324
29-11-2016,625369
29-11-2017,716277
29-11-2018,778610
29-11-2019,997949
29-11-2020,358501
29-12-2009,255785
29-12-2010,246281
29-12-2011,265752
29-12-2012,221066
29-12-2013,424582
29-12-2014,375598
29-12-2015,564212
29-12-2016,423814
29-12-2017,631413
29-12-2018,579372
29-12-2019,661813
29-12-2020,497027
30-01-2010,200531
30-01-2011,133229
30-01-2012,268779
30-01-2013,302834
30-01-2014,477166
30-01-2015,611914
30-01-2016,594194
30-01-2017,478125
30-01-2018,658312
30-01-2019,563190
30-01-2020,742172
30-01-2021,496799
30-03-2010,297934
30-03-2011,271445
30-03-2012,391045
30-03-2013,261485
30-03-2014,397086
30-03-2015,647490
30-03-2016,683511
30-03-2017,568509
30-03-2018,638478
30-03-2019,608852
30-03-2020,151531
30-03-2021,497773
30-04-2010,331650
30-04-2011,206654
30-04-2012,283680
30-04-2013,289485
30-04-2014,460684
30-04-2015,600746
30-04-2016,641027
30-04-2017,427828
30-04-2018,686782
30-04-2019,765962
30-04-2020,143780
30-04-2021,630322
30-05-2009,216702
30-05-2010,169551
30-05-2011,240108
30-05-2012,280192
30-05-2013,262873
30-05-2014,600745
30-05-2015,528365
30-05-2016,609693
30-05-2017,490358
30-05-2018,656122
30-05-2019,717259
30-05-2020,280741
30-05-2021,96452
30-06-2009,261639
30-06-2010,275231
30-06-2011,274678
30-06-2012,254694
30-06-2013,210065
30-06-2014,437103
30-06-2015,610646
30-06-2016,596083
30-06-2017,590486
30-06-2018,623360
30-06-2019,616011
30-06-2020,268592
30-07-2009,275584
30-07-2010,362916
30-07-2011,202355
30-07-2012,272889
30-07-2013,256997
30-07-2014,432136
30-07-2015,548916
30-07-2016,705653
30-07-2017,539554
30-07-2018,681830
30-07-2019,789533
30-07-2020,153188
30-08-2009,171638
30-08-2010,252734
30-08-2011,242872
30-08-2012,286660
30-08-2013,293306
30-08-2014,492799
30-08-2015,457752
30-08-2016,564418
30-08-2017,604017
30-08-2018,688962
30-08-2019,914914
30-08-2020,91171
30-09-2009,309715
30-09-2010,304283
30-09-2011,316765
30-09-2012,200437
30-09-2013,424977
30-09-2014,455325
30-09-2015,651814
30-09-2016,655850
30-09-2017,591288
30-09-2018,564330
30-09-2019,667134
30-09-2020,127180
30-10-2009,313432
30-10-2010,141152
30-10-2011,143208
30-10-2012,299713
30-10-2013,445226
30-10-2014,478618
30-10-2015,698115
30-10-2016,402352
30-10-2017,592647
30-10-2018,707876
30-10-2019,832623
30-10-2020,313225
30-11-2009,281299
30-11-2010,270979
30-11-2011,260655
30-11-2012,346876
30-11-2013,463528
30-11-2014,353144
30-11-2015,615659
30-11-2016,616452
30-11-2017,729566
30-11-2018,906846
30-11-2019,779345
30-11-2020,351099
30-12-2009,225178
30-12-2010,234723
30-12-2011,263449
30-12-2012,204020
30-12-2013,467577
30-12-2014,406003
30-12-2015,490025
30-12-2016,529935
30-12-2017,627593
30-12-2018,525541
30-12-2019,534883
30-12-2020,467634
31-01-2010,143815
31-01-2011,240077
31-01-2012,268333
31-01-2013,267775
31-01-2014,566957
31-01-2015,454552
31-01-2016,494393
31-01-2017,530324
31-01-2018,691922
31-01-2019,600885
31-01-2020,670285
31-01-2021,422571
31-03-2010,307026
31-03-2011,284903
31-03-2012,260593
31-03-2013,210085
31-03-2014,465491
31-03-2015,652023
31-03-2016,724658
31-03-2017,676940
31-03-2018,770147
31-03-2019,528608
31-03-2020,146546
31-03-2021,519153
31-05-2009,196157
31-05-2010,226366
31-05-2011,249784
31-05-2012,302439
31-05-2013,312234
31-05-2014,497098
31-05-2015,356804
31-05-2016,626519
31-05-2017,474685
31-05-2018,687877
31-05-2019,794170
31-05-2020,228556
31-05-2021,98523
31-07-2009,325963
31-07-2010,259476
31-07-2011,189298
31-07-2012,281785
31-07-2013,258692
31-07-2014,396949
31-07-2015,725399
31-07-2016,572172
31-07-2017,538126
31-07-2018,710043
31-07-2019,817760
31-07-2020,157252
31-08-2009,235444
31-08-2010,237400
31-08-2011,249561
31-08-2012,355258
31-08-2013,238854
31-08-2014,376749
31-08-2015,529808
31-08-2016,645301
31-08-2017,639756
31-08-2018,826812
31-08-2019,696180
31-08-2020,102497
31-10-2009,205181
31-10-2010,149709
31-10-2011,277484
31-10-2012,303754
31-10-2013,463817
31-10-2014,542600
31-10-2015,480908
31-10-2016,613210
31-10-2017,654102
31-10-2018,689257
31-10-2019,791985
31-10-2020,370181
31-12-2009,268912
31-12-2010,305498
31-12-2011,322539
31-12-2012,347001
31-12-2013,629222
31-12-2014,527087
31-12-2015,540633
31-12-2016,626809
31-12-2017,799773
31-12-2018,742581
31-12-2019,950487
31-12-2020,472586
